Valor Vivienda,Monto,Plazo,AFORO,Ingresos Requeridos,Tasa de Interes,Tipo de Tasa,CAT sin IVA,Pago Mensual
500000.00,300000,120,60.0,15000.00,9.90,Fija,12.4,4217.93
500000.00,400000,120,80.0,15954.00,9.90,Fija,12.1,5583.90
588235.00,500000,120,85.0,19943.00,9.90,Fija,12.0,6979.88
705882.00,600000,120,85.0,23931.00,9.90,Fija,12.0,8375.86
823529.00,700000,120,85.0,27920.00,9.90,Fija,12.0,9771.83
941176.00,800000,120,85.0,31908.00,9.90,Fija,12.0,11167.81
1058824.00,900000,120,85.0,35897.00,9.90,Fija,12.0,12563.78
1176471.00,1000000,120,85.0,39885.00,9.90,Fija,12.0,13959.76
1294118.00,1100000,120,85.0,43874.00,9.90,Fija,12.0,15355.74
1411765.00,1200000,120,85.0,47862.00,9.90,Fija,12.0,16751.71
1529412.00,1300000,120,85.0,51851.00,9.90,Fija,12.0,18147.69
1647059.00,1400000,120,85.0,55839.00,9.90,Fija,11.9,19543.66
1764706.00,1500000,120,85.0,59828.00,9.90,Fija,11.9,20939.64
1882353.00,1600000,120,85.0,63816.00,9.90,Fija,11.9,22335.62
2000000.00,1700000,120,85.0,67805.00,9.90,Fija,11.9,23731.59
2117647.00,1800000,120,85.0,71793.00,9.90,Fija,11.9,25127.57
2235294.00,1900000,120,85.0,75782.00,9.90,Fija,11.9,26523.54
2352941.00,2000000,120,85.0,79770.00,9.90,Fija,11.9,27919.52
2470588.00,2100000,120,85.0,83759.00,9.90,Fija,11.9,29315.50
2588235.00,2200000,120,85.0,87747.00,9.90,Fija,11.9,30711.47
2705882.00,2300000,120,85.0,91736.00,9.90,Fija,11.9,32107.45
2823529.00,2400000,120,85.0,95724.00,9.90,Fija,11.9,33503.43
2941176.00,2500000,120,85.0,99713.00,9.90,Fija,11.9,34899.40
3058824.00,2600000,120,85.0,103701.00,9.90,Fija,11.9,36295.38
3176471.00,2700000,120,85.0,107690.00,9.90,Fija,11.9,37691.35
3294118.00,2800000,120,85.0,111678.00,9.90,Fija,11.9,39087.33
3411765.00,2900000,120,85.0,115667.00,9.90,Fija,11.9,40483.31
3529412.00,3000000,120,85.0,119655.00,9.90,Fija,11.9,41879.28
3647059.00,3100000,120,85.0,123644.00,9.90,Fija,11.9,43275.26
3764706.00,3200000,120,85.0,127632.00,9.90,Fija,11.9,44671.23
3882353.00,3300000,120,85.0,131621.00,9.90,Fija,11.9,46067.21
4000000.00,3400000,120,85.0,135609.00,9.90,Fija,11.9,47463.19
4117647.00,3500000,120,85.0,139598.00,9.90,Fija,11.9,48859.16
4235294.00,3600000,120,85.0,143586.00,9.90,Fija,11.9,50255.14
4352941.00,3700000,120,85.0,147575.00,9.90,Fija,11.9,51651.11
4470588.00,3800000,120,85.0,151563.00,9.90,Fija,11.9,53047.09
4588235.00,3900000,120,85.0,155552.00,9.90,Fija,11.9,54443.07
4705882.00,4000000,120,85.0,159540.00,9.90,Fija,11.9,55839.04
4823529.00,4100000,120,85.0,163529.00,9.90,Fija,11.9,57235.02
4941176.00,4200000,120,85.0,167517.00,9.90,Fija,11.9,58630.99
5058824.00,4300000,120,85.0,171506.00,9.90,Fija,11.9,60026.97
5176471.00,4400000,120,85.0,175494.00,9.90,Fija,11.9,61422.95
5294118.00,4500000,120,85.0,179483.00,9.90,Fija,11.9,62818.92
5411765.00,4600000,120,85.0,183471.00,9.90,Fija,11.9,64214.90
5529412.00,4700000,120,85.0,187460.00,9.90,Fija,11.9,65610.87
5647059.00,4800000,120,85.0,191448.00,9.90,Fija,11.9,67006.85
5764706.00,4900000,120,85.0,195437.00,9.90,Fija,11.9,68402.83
5882353.00,5000000,120,85.0,199425.00,9.90,Fija,11.9,69798.80
7846154.00,5100000,120,65.0,204422.00,9.90,Fija,12.1,71547.86
8000000.00,5200000,120,65.0,208431.00,9.90,Fija,12.1,72950.75
8153846.00,5300000,120,65.0,212439.00,9.90,Fija,12.1,74353.65
8307692.00,5400000,120,65.0,216447.00,9.90,Fija,12.1,75756.55
8461538.00,5500000,120,65.0,220456.00,9.90,Fija,12.1,77159.45
8615385.00,5600000,120,65.0,224464.00,9.90,Fija,12.1,78562.35
8769231.00,5700000,120,65.0,228472.00,9.90,Fija,12.1,79965.25
8923077.00,5800000,120,65.0,232480.00,9.90,Fija,12.1,81368.15
9076923.00,5900000,120,65.0,236489.00,9.90,Fija,12.1,82771.05
9230769.00,6000000,120,65.0,240497.00,9.90,Fija,12.1,84173.95
9384615.00,6100000,120,65.0,244505.00,9.90,Fija,12.1,85576.85
9538462.00,6200000,120,65.0,248514.00,9.90,Fija,12.1,86979.75
9692308.00,6300000,120,65.0,252522.00,9.90,Fija,12.1,88382.64
9846154.00,6400000,120,65.0,256530.00,9.90,Fija,12.1,89785.54
10000000.00,6500000,120,65.0,260538.00,9.90,Fija,12.1,91188.44
10153846.00,6600000,120,65.0,264547.00,9.90,Fija,12.1,92591.34
10307692.00,6700000,120,65.0,268555.00,9.90,Fija,12.1,93994.24
10461538.00,6800000,120,65.0,272563.00,9.90,Fija,12.1,95397.14
10615385.00,6900000,120,65.0,276572.00,9.90,Fija,12.1,96800.04
10769231.00,7000000,120,65.0,280580.00,9.90,Fija,12.1,98202.94
10923077.00,7100000,120,65.0,284588.00,9.90,Fija,12.1,99605.84
11076923.00,7200000,120,65.0,288596.00,9.90,Fija,12.1,101008.74
11230769.00,7300000,120,65.0,292605.00,9.90,Fija,12.1,102411.64
11384615.00,7400000,120,65.0,296613.00,9.90,Fija,12.1,103814.53
11538462.00,7500000,120,65.0,300621.00,9.90,Fija,12.1,105217.43
11692308.00,7600000,120,65.0,304630.00,9.90,Fija,12.1,106620.33
11846154.00,7700000,120,65.0,308638.00,9.90,Fija,12.1,108023.23
12000000.00,7800000,120,65.0,312646.00,9.90,Fija,12.1,109426.13
12153846.00,7900000,120,65.0,316654.00,9.90,Fija,12.1,110829.03
12307692.00,8000000,120,65.0,320663.00,9.90,Fija,12.1,112231.93
12461538.00,8100000,120,65.0,324671.00,9.90,Fija,12.1,113634.83
12615385.00,8200000,120,65.0,328679.00,9.90,Fija,12.1,115037.73
12769231.00,8300000,120,65.0,332688.00,9.90,Fija,12.1,116440.63
12923077.00,8400000,120,65.0,336696.00,9.90,Fija,12.1,117843.53
13076923.00,8500000,120,65.0,340704.00,9.90,Fija,12.1,119246.43
13230769.00,8600000,120,65.0,344712.00,9.90,Fija,12.1,120649.32
13384615.00,8700000,120,65.0,348721.00,9.90,Fija,12.1,122052.22
13538462.00,8800000,120,65.0,352729.00,9.90,Fija,12.1,123455.12
13692308.00,8900000,120,65.0,356737.00,9.90,Fija,12.1,124858.02
13846154.00,9000000,120,65.0,360745.00,9.90,Fija,12.1,126260.92
14000000.00,9100000,120,65.0,364754.00,9.90,Fija,12.1,127663.82
14153846.00,9200000,120,65.0,368762.00,9.90,Fija,12.1,129066.72
14307692.00,9300000,120,65.0,372770.00,9.90,Fija,12.1,130469.62
14461538.00,9400000,120,65.0,376779.00,9.90,Fija,12.1,131872.52
14615385.00,9500000,120,65.0,380787.00,9.90,Fija,12.1,133275.42
14769231.00,9600000,120,65.0,384795.00,9.90,Fija,12.1,134678.32
14923077.00,9700000,120,65.0,388803.00,9.90,Fija,12.1,136081.21
15076923.00,9800000,120,65.0,392812.00,9.90,Fija,12.0,137484.11
15230769.00,9900000,120,65.0,396820.00,9.90,Fija,12.0,138887.01
15384615.00,10000000,120,65.0,400828.00,9.90,Fija,12.0,140289.91
500000.00,300000,120,60.0,15000.00,9.90,Fija,12.4,4217.93
533333.00,400000,120,75.0,15977.00,9.90,Fija,12.1,5591.90
666667.00,500000,120,75.0,19971.00,9.90,Fija,12.1,6989.88
800000.00,600000,120,75.0,23965.00,9.90,Fija,12.1,8387.86
933333.00,700000,120,75.0,27960.00,9.90,Fija,12.0,9785.83
1066667.00,800000,120,75.0,31954.00,9.90,Fija,12.1,11183.81
1200000.00,900000,120,75.0,35948.00,9.90,Fija,12.1,12581.78
1333333.00,1000000,120,75.0,39942.00,9.90,Fija,12.1,13979.76
1466667.00,1100000,120,75.0,43936.00,9.90,Fija,12.0,15377.74
1600000.00,1200000,120,75.0,47931.00,9.90,Fija,12.0,16775.71
1733333.00,1300000,120,75.0,51925.00,9.90,Fija,12.0,18173.69
1866667.00,1400000,120,75.0,55919.00,9.90,Fija,12.0,19571.66
2000000.00,1500000,120,75.0,59913.00,9.90,Fija,12.0,20969.64
2133333.00,1600000,120,75.0,63907.00,9.90,Fija,12.0,22367.62
2266667.00,1700000,120,75.0,67902.00,9.90,Fija,12.0,23765.59
2400000.00,1800000,120,75.0,71896.00,9.90,Fija,12.0,25163.57
2533333.00,1900000,120,75.0,75890.00,9.90,Fija,12.0,26561.54
2666667.00,2000000,120,75.0,79884.00,9.90,Fija,12.0,27959.52
2800000.00,2100000,120,75.0,83879.00,9.90,Fija,12.0,29357.50
2933333.00,2200000,120,75.0,87873.00,9.90,Fija,12.0,30755.47
3066667.00,2300000,120,75.0,91867.00,9.90,Fija,12.0,32153.45
3200000.00,2400000,120,75.0,95861.00,9.90,Fija,12.0,33551.43
3333333.00,2500000,120,75.0,99855.00,9.90,Fija,12.0,34949.40
3466667.00,2600000,120,75.0,103850.00,9.90,Fija,12.0,36347.38
3600000.00,2700000,120,75.0,107844.00,9.90,Fija,12.0,37745.35
3733333.00,2800000,120,75.0,111838.00,9.90,Fija,12.0,39143.33
3866667.00,2900000,120,75.0,115832.00,9.90,Fija,12.0,40541.31
4000000.00,3000000,120,75.0,119827.00,9.90,Fija,12.0,41939.28
4133333.00,3100000,120,75.0,123821.00,9.90,Fija,12.0,43337.26
4266667.00,3200000,120,75.0,127815.00,9.90,Fija,12.0,44735.23
4400000.00,3300000,120,75.0,131809.00,9.90,Fija,12.0,46133.21
4533333.00,3400000,120,75.0,135803.00,9.90,Fija,12.0,47531.19
4666667.00,3500000,120,75.0,139798.00,9.90,Fija,12.0,48929.16
4800000.00,3600000,120,75.0,143792.00,9.90,Fija,12.0,50327.14
4933333.00,3700000,120,75.0,147786.00,9.90,Fija,12.0,51725.11
5066667.00,3800000,120,75.0,151780.00,9.90,Fija,12.0,53123.09
5200000.00,3900000,120,75.0,155774.00,9.90,Fija,12.0,54521.07
5333333.00,4000000,120,75.0,159769.00,9.90,Fija,12.0,55919.04
5466667.00,4100000,120,75.0,163763.00,9.90,Fija,12.0,57317.02
5600000.00,4200000,120,75.0,167757.00,9.90,Fija,12.0,58714.99
5733333.00,4300000,120,75.0,171751.00,9.90,Fija,12.0,60112.97
5866667.00,4400000,120,75.0,175746.00,9.90,Fija,12.0,61510.95
6923077.00,4500000,120,65.0,180373.00,9.90,Fija,12.1,63130.46
7076923.00,4600000,120,65.0,184381.00,9.90,Fija,12.1,64533.36
7230769.00,4700000,120,65.0,188389.00,9.90,Fija,12.1,65936.26
7384615.00,4800000,120,65.0,192398.00,9.90,Fija,12.1,67339.16
7538462.00,4900000,120,65.0,196406.00,9.90,Fija,12.1,68742.06
7692308.00,5000000,120,65.0,200414.00,9.90,Fija,12.1,70144.96
7846154.00,5100000,120,65.0,204422.00,9.90,Fija,12.1,71547.86
8000000.00,5200000,120,65.0,208431.00,9.90,Fija,12.1,72950.75
8153846.00,5300000,120,65.0,212439.00,9.90,Fija,12.1,74353.65
8307692.00,5400000,120,65.0,216447.00,9.90,Fija,12.1,75756.55
8461538.00,5500000,120,65.0,220456.00,9.90,Fija,12.1,77159.45
8615385.00,5600000,120,65.0,224464.00,9.90,Fija,12.1,78562.35
8769231.00,5700000,120,65.0,228472.00,9.90,Fija,12.1,79965.25
8923077.00,5800000,120,65.0,232480.00,9.90,Fija,12.1,81368.15
9076923.00,5900000,120,65.0,236489.00,9.90,Fija,12.1,82771.05
9230769.00,6000000,120,65.0,240497.00,9.90,Fija,12.1,84173.95
9384615.00,6100000,120,65.0,244505.00,9.90,Fija,12.1,85576.85
9538462.00,6200000,120,65.0,248514.00,9.90,Fija,12.1,86979.75
9692308.00,6300000,120,65.0,252522.00,9.90,Fija,12.1,88382.64
9846154.00,6400000,120,65.0,256530.00,9.90,Fija,12.1,89785.54
10000000.00,6500000,120,65.0,260538.00,9.90,Fija,12.1,91188.44
10153846.00,6600000,120,65.0,264547.00,9.90,Fija,12.1,92591.34
10307692.00,6700000,120,65.0,268555.00,9.90,Fija,12.1,93994.24
10461538.00,6800000,120,65.0,272563.00,9.90,Fija,12.1,95397.14
10615385.00,6900000,120,65.0,276572.00,9.90,Fija,12.1,96800.04
10769231.00,7000000,120,65.0,280580.00,9.90,Fija,12.1,98202.94
10923077.00,7100000,120,65.0,284588.00,9.90,Fija,12.1,99605.84
11076923.00,7200000,120,65.0,288596.00,9.90,Fija,12.1,101008.74
11230769.00,7300000,120,65.0,292605.00,9.90,Fija,12.1,102411.64
11384615.00,7400000,120,65.0,296613.00,9.90,Fija,12.1,103814.53
11538462.00,7500000,120,65.0,300621.00,9.90,Fija,12.1,105217.43
11692308.00,7600000,120,65.0,304630.00,9.90,Fija,12.1,106620.33
11846154.00,7700000,120,65.0,308638.00,9.90,Fija,12.1,108023.23
12000000.00,7800000,120,65.0,312646.00,9.90,Fija,12.1,109426.13
12153846.00,7900000,120,65.0,316654.00,9.90,Fija,12.1,110829.03
12307692.00,8000000,120,65.0,320663.00,9.90,Fija,12.1,112231.93
12461538.00,8100000,120,65.0,324671.00,9.90,Fija,12.1,113634.83
12615385.00,8200000,120,65.0,328679.00,9.90,Fija,12.1,115037.73
12769231.00,8300000,120,65.0,332688.00,9.90,Fija,12.1,116440.63
12923077.00,8400000,120,65.0,336696.00,9.90,Fija,12.1,117843.53
13076923.00,8500000,120,65.0,340704.00,9.90,Fija,12.1,119246.43
13230769.00,8600000,120,65.0,344712.00,9.90,Fija,12.1,120649.32
13384615.00,8700000,120,65.0,348721.00,9.90,Fija,12.1,122052.22
13538462.00,8800000,120,65.0,352729.00,9.90,Fija,12.1,123455.12
13692308.00,8900000,120,65.0,356737.00,9.90,Fija,12.1,124858.02
13846154.00,9000000,120,65.0,360745.00,9.90,Fija,12.1,126260.92
14000000.00,9100000,120,65.0,364754.00,9.90,Fija,12.1,127663.82
14153846.00,9200000,120,65.0,368762.00,9.90,Fija,12.1,129066.72
14307692.00,9300000,120,65.0,372770.00,9.90,Fija,12.1,130469.62
14461538.00,9400000,120,65.0,376779.00,9.90,Fija,12.1,131872.52
14615385.00,9500000,120,65.0,380787.00,9.90,Fija,12.1,133275.42
14769231.00,9600000,120,65.0,384795.00,9.90,Fija,12.1,134678.32
14923077.00,9700000,120,65.0,388803.00,9.90,Fija,12.1,136081.21
15076923.00,9800000,120,65.0,392812.00,9.90,Fija,12.0,137484.11
15230769.00,9900000,120,65.0,396820.00,9.90,Fija,12.0,138887.01
15384615.00,10000000,120,65.0,400828.00,9.90,Fija,12.0,140289.91
500000.00,300000,120,60.0,15000.00,9.90,Fija,12.4,4217.93
615385.00,400000,120,65.0,16033.00,9.90,Fija,12.2,5611.60
769231.00,500000,120,65.0,20041.00,9.90,Fija,12.2,7014.50
923077.00,600000,120,65.0,24050.00,9.90,Fija,12.2,8417.39
1076923.00,700000,120,65.0,28058.00,9.90,Fija,12.2,9820.29
1230769.00,800000,120,65.0,32066.00,9.90,Fija,12.2,11223.19
1384615.00,900000,120,65.0,36075.00,9.90,Fija,12.2,12626.09
1538462.00,1000000,120,65.0,40083.00,9.90,Fija,12.2,14028.99
1692308.00,1100000,120,65.0,44091.00,9.90,Fija,12.1,15431.89
1846154.00,1200000,120,65.0,48099.00,9.90,Fija,12.1,16834.79
2000000.00,1300000,120,65.0,52108.00,9.90,Fija,12.1,18237.69
2153846.00,1400000,120,65.0,56116.00,9.90,Fija,12.1,19640.59
2307692.00,1500000,120,65.0,60124.00,9.90,Fija,12.1,21043.49
2461538.00,1600000,120,65.0,64133.00,9.90,Fija,12.1,22446.39
2615385.00,1700000,120,65.0,68141.00,9.90,Fija,12.1,23849.29
2769231.00,1800000,120,65.0,72149.00,9.90,Fija,12.1,25252.18
2923077.00,1900000,120,65.0,76157.00,9.90,Fija,12.1,26655.08
3076923.00,2000000,120,65.0,80166.00,9.90,Fija,12.1,28057.98
3230769.00,2100000,120,65.0,84174.00,9.90,Fija,12.1,29460.88
3384615.00,2200000,120,65.0,88182.00,9.90,Fija,12.1,30863.78
3538462.00,2300000,120,65.0,92191.00,9.90,Fija,12.1,32266.68
3692308.00,2400000,120,65.0,96199.00,9.90,Fija,12.1,33669.58
3846154.00,2500000,120,65.0,100207.00,9.90,Fija,12.1,35072.48
4000000.00,2600000,120,65.0,104215.00,9.90,Fija,12.1,36475.38
4153846.00,2700000,120,65.0,108224.00,9.90,Fija,12.1,37878.28
4307692.00,2800000,120,65.0,112232.00,9.90,Fija,12.1,39281.18
4461538.00,2900000,120,65.0,116240.00,9.90,Fija,12.1,40684.07
4615385.00,3000000,120,65.0,120248.00,9.90,Fija,12.1,42086.97
4769231.00,3100000,120,65.0,124257.00,9.90,Fija,12.1,43489.87
4923077.00,3200000,120,65.0,128265.00,9.90,Fija,12.1,44892.77
5076923.00,3300000,120,65.0,132273.00,9.90,Fija,12.1,46295.67
5230769.00,3400000,120,65.0,136282.00,9.90,Fija,12.1,47698.57
5384615.00,3500000,120,65.0,140290.00,9.90,Fija,12.1,49101.47
5538462.00,3600000,120,65.0,144298.00,9.90,Fija,12.1,50504.37
5692308.00,3700000,120,65.0,148306.00,9.90,Fija,12.1,51907.27
5846154.00,3800000,120,65.0,152315.00,9.90,Fija,12.1,53310.17
6000000.00,3900000,120,65.0,156323.00,9.90,Fija,12.1,54713.07
6153846.00,4000000,120,65.0,160331.00,9.90,Fija,12.1,56115.96
6307692.00,4100000,120,65.0,164340.00,9.90,Fija,12.1,57518.86
6461538.00,4200000,120,65.0,168348.00,9.90,Fija,12.1,58921.76
6615385.00,4300000,120,65.0,172356.00,9.90,Fija,12.1,60324.66
6769231.00,4400000,120,65.0,176364.00,9.90,Fija,12.1,61727.56
6923077.00,4500000,120,65.0,180373.00,9.90,Fija,12.1,63130.46
7076923.00,4600000,120,65.0,184381.00,9.90,Fija,12.1,64533.36
7230769.00,4700000,120,65.0,188389.00,9.90,Fija,12.1,65936.26
7384615.00,4800000,120,65.0,192398.00,9.90,Fija,12.1,67339.16
7538462.00,4900000,120,65.0,196406.00,9.90,Fija,12.1,68742.06
7692308.00,5000000,120,65.0,200414.00,9.90,Fija,12.1,70144.96
7846154.00,5100000,120,65.0,204422.00,9.90,Fija,12.1,71547.86
8000000.00,5200000,120,65.0,208431.00,9.90,Fija,12.1,72950.75
8153846.00,5300000,120,65.0,212439.00,9.90,Fija,12.1,74353.65
8307692.00,5400000,120,65.0,216447.00,9.90,Fija,12.1,75756.55
8461538.00,5500000,120,65.0,220456.00,9.90,Fija,12.1,77159.45
8615385.00,5600000,120,65.0,224464.00,9.90,Fija,12.1,78562.35
8769231.00,5700000,120,65.0,228472.00,9.90,Fija,12.1,79965.25
8923077.00,5800000,120,65.0,232480.00,9.90,Fija,12.1,81368.15
9076923.00,5900000,120,65.0,236489.00,9.90,Fija,12.1,82771.05
9230769.00,6000000,120,65.0,240497.00,9.90,Fija,12.1,84173.95
9384615.00,6100000,120,65.0,244505.00,9.90,Fija,12.1,85576.85
9538462.00,6200000,120,65.0,248514.00,9.90,Fija,12.1,86979.75
9692308.00,6300000,120,65.0,252522.00,9.90,Fija,12.1,88382.64
9846154.00,6400000,120,65.0,256530.00,9.90,Fija,12.1,89785.54
10000000.00,6500000,120,65.0,260538.00,9.90,Fija,12.1,91188.44
10153846.00,6600000,120,65.0,264547.00,9.90,Fija,12.1,92591.34
10307692.00,6700000,120,65.0,268555.00,9.90,Fija,12.1,93994.24
10461538.00,6800000,120,65.0,272563.00,9.90,Fija,12.1,95397.14
10615385.00,6900000,120,65.0,276572.00,9.90,Fija,12.1,96800.04
10769231.00,7000000,120,65.0,280580.00,9.90,Fija,12.1,98202.94
10923077.00,7100000,120,65.0,284588.00,9.90,Fija,12.1,99605.84
11076923.00,7200000,120,65.0,288596.00,9.90,Fija,12.1,101008.74
11230769.00,7300000,120,65.0,292605.00,9.90,Fija,12.1,102411.64
11384615.00,7400000,120,65.0,296613.00,9.90,Fija,12.1,103814.53
11538462.00,7500000,120,65.0,300621.00,9.90,Fija,12.1,105217.43
11692308.00,7600000,120,65.0,304630.00,9.90,Fija,12.1,106620.33
11846154.00,7700000,120,65.0,308638.00,9.90,Fija,12.1,108023.23
12000000.00,7800000,120,65.0,312646.00,9.90,Fija,12.1,109426.13
12153846.00,7900000,120,65.0,316654.00,9.90,Fija,12.1,110829.03
12307692.00,8000000,120,65.0,320663.00,9.90,Fija,12.1,112231.93
12461538.00,8100000,120,65.0,324671.00,9.90,Fija,12.1,113634.83
12615385.00,8200000,120,65.0,328679.00,9.90,Fija,12.1,115037.73
12769231.00,8300000,120,65.0,332688.00,9.90,Fija,12.1,116440.63
12923077.00,8400000,120,65.0,336696.00,9.90,Fija,12.1,117843.53
13076923.00,8500000,120,65.0,340704.00,9.90,Fija,12.1,119246.43
13230769.00,8600000,120,65.0,344712.00,9.90,Fija,12.1,120649.32
13384615.00,8700000,120,65.0,348721.00,9.90,Fija,12.1,122052.22
13538462.00,8800000,120,65.0,352729.00,9.90,Fija,12.1,123455.12
13692308.00,8900000,120,65.0,356737.00,9.90,Fija,12.1,124858.02
13846154.00,9000000,120,65.0,360745.00,9.90,Fija,12.1,126260.92
14000000.00,9100000,120,65.0,364754.00,9.90,Fija,12.1,127663.82
14153846.00,9200000,120,65.0,368762.00,9.90,Fija,12.1,129066.72
14307692.00,9300000,120,65.0,372770.00,9.90,Fija,12.1,130469.62
14461538.00,9400000,120,65.0,376779.00,9.90,Fija,12.1,131872.52
14615385.00,9500000,120,65.0,380787.00,9.90,Fija,12.1,133275.42
14769231.00,9600000,120,65.0,384795.00,9.90,Fija,12.1,134678.32
14923077.00,9700000,120,65.0,388803.00,9.90,Fija,12.1,136081.21
15076923.00,9800000,120,65.0,392812.00,9.90,Fija,12.0,137484.11
15230769.00,9900000,120,65.0,396820.00,9.90,Fija,12.0,138887.01
15384615.00,10000000,120,65.0,400828.00,9.90,Fija,12.0,140289.91
500000.00,300000,180,60.0,15000.00,9.90,Fija,12.2,3475.49
500000.00,400000,180,80.0,15000.00,9.90,Fija,11.9,4593.98
588235.00,500000,180,85.0,16407.00,9.90,Fija,11.9,5742.48
705882.00,600000,180,85.0,19688.00,9.90,Fija,11.8,6890.97
823529.00,700000,180,85.0,22970.00,9.90,Fija,11.8,8039.47
941176.00,800000,180,85.0,26251.00,9.90,Fija,11.8,9187.97
1058824.00,900000,180,85.0,29533.00,9.90,Fija,11.8,10336.46
1176471.00,1000000,180,85.0,32814.00,9.90,Fija,11.8,11484.96
1294118.00,1100000,180,85.0,36096.00,9.90,Fija,11.8,12633.45
1411765.00,1200000,180,85.0,39377.00,9.90,Fija,11.8,13781.95
1529412.00,1300000,180,85.0,42658.00,9.90,Fija,11.8,14930.44
1647059.00,1400000,180,85.0,45940.00,9.90,Fija,11.8,16078.94
1764706.00,1500000,180,85.0,49221.00,9.90,Fija,11.8,17227.44
1882353.00,1600000,180,85.0,52503.00,9.90,Fija,11.8,18375.93
2000000.00,1700000,180,85.0,55784.00,9.90,Fija,11.8,19524.43
2117647.00,1800000,180,85.0,59065.00,9.90,Fija,11.8,20672.92
2235294.00,1900000,180,85.0,62347.00,9.90,Fija,11.8,21821.42
2352941.00,2000000,180,85.0,65628.00,9.90,Fija,11.8,22969.91
2470588.00,2100000,180,85.0,68910.00,9.90,Fija,11.8,24118.41
2588235.00,2200000,180,85.0,72191.00,9.90,Fija,11.8,25266.90
2705882.00,2300000,180,85.0,75473.00,9.90,Fija,11.8,26415.40
2823529.00,2400000,180,85.0,78754.00,9.90,Fija,11.8,27563.90
2941176.00,2500000,180,85.0,82035.00,9.90,Fija,11.8,28712.39
3058824.00,2600000,180,85.0,85317.00,9.90,Fija,11.8,29860.89
3176471.00,2700000,180,85.0,88598.00,9.90,Fija,11.8,31009.38
3294118.00,2800000,180,85.0,91880.00,9.90,Fija,11.8,32157.88
3411765.00,2900000,180,85.0,95161.00,9.90,Fija,11.8,33306.37
3529412.00,3000000,180,85.0,98442.00,9.90,Fija,11.8,34454.87
3647059.00,3100000,180,85.0,101724.00,9.90,Fija,11.8,35603.37
3764706.00,3200000,180,85.0,105005.00,9.90,Fija,11.8,36751.86
3882353.00,3300000,180,85.0,108287.00,9.90,Fija,11.8,37900.36
4000000.00,3400000,180,85.0,111568.00,9.90,Fija,11.8,39048.85
4117647.00,3500000,180,85.0,114850.00,9.90,Fija,11.8,40197.35
4235294.00,3600000,180,85.0,118131.00,9.90,Fija,11.8,41345.84
4352941.00,3700000,180,85.0,121412.00,9.90,Fija,11.8,42494.34
4470588.00,3800000,180,85.0,124694.00,9.90,Fija,11.8,43642.84
4588235.00,3900000,180,85.0,127975.00,9.90,Fija,11.8,44791.33
4705882.00,4000000,180,85.0,131257.00,9.90,Fija,11.8,45939.83
4823529.00,4100000,180,85.0,134538.00,9.90,Fija,11.8,47088.32
4941176.00,4200000,180,85.0,137819.00,9.90,Fija,11.8,48236.82
5058824.00,4300000,180,85.0,141101.00,9.90,Fija,11.8,49385.31
5176471.00,4400000,180,85.0,144382.00,9.90,Fija,11.8,50533.81
5294118.00,4500000,180,85.0,147664.00,9.90,Fija,11.8,51682.31
5411765.00,4600000,180,85.0,150945.00,9.90,Fija,11.8,52830.80
5529412.00,4700000,180,85.0,154227.00,9.90,Fija,11.8,53979.30
5647059.00,4800000,180,85.0,157508.00,9.90,Fija,11.8,55127.79
5764706.00,4900000,180,85.0,160789.00,9.90,Fija,11.8,56276.29
5882353.00,5000000,180,85.0,164071.00,9.90,Fija,11.8,57424.78
7846154.00,5100000,180,65.0,168361.00,9.90,Fija,11.9,58926.36
8000000.00,5200000,180,65.0,171662.00,9.90,Fija,11.9,60081.77
8153846.00,5300000,180,65.0,174963.00,9.90,Fija,11.9,61237.19
8307692.00,5400000,180,65.0,178265.00,9.90,Fija,11.9,62392.61
8461538.00,5500000,180,65.0,181566.00,9.90,Fija,11.9,63548.03
8615385.00,5600000,180,65.0,184867.00,9.90,Fija,11.9,64703.45
8769231.00,5700000,180,65.0,188168.00,9.90,Fija,11.9,65858.87
8923077.00,5800000,180,65.0,191469.00,9.90,Fija,11.9,67014.29
9076923.00,5900000,180,65.0,194771.00,9.90,Fija,11.9,68169.71
9230769.00,6000000,180,65.0,198072.00,9.90,Fija,11.9,69325.12
9384615.00,6100000,180,65.0,201373.00,9.90,Fija,11.9,70480.54
9538462.00,6200000,180,65.0,204674.00,9.90,Fija,11.9,71635.96
9692308.00,6300000,180,65.0,207975.00,9.90,Fija,11.9,72791.38
9846154.00,6400000,180,65.0,211277.00,9.90,Fija,11.9,73946.80
10000000.00,6500000,180,65.0,214578.00,9.90,Fija,11.9,75102.22
10153846.00,6600000,180,65.0,217879.00,9.90,Fija,11.9,76257.64
10307692.00,6700000,180,65.0,221180.00,9.90,Fija,11.9,77413.06
10461538.00,6800000,180,65.0,224481.00,9.90,Fija,11.9,78568.47
10615385.00,6900000,180,65.0,227783.00,9.90,Fija,11.9,79723.89
10769231.00,7000000,180,65.0,231084.00,9.90,Fija,11.9,80879.31
10923077.00,7100000,180,65.0,234385.00,9.90,Fija,11.9,82034.73
11076923.00,7200000,180,65.0,237686.00,9.90,Fija,11.9,83190.15
11230769.00,7300000,180,65.0,240987.00,9.90,Fija,11.9,84345.57
11384615.00,7400000,180,65.0,244289.00,9.90,Fija,11.9,85500.99
11538462.00,7500000,180,65.0,247590.00,9.90,Fija,11.9,86656.41
11692308.00,7600000,180,65.0,250891.00,9.90,Fija,11.9,87811.82
11846154.00,7700000,180,65.0,254192.00,9.90,Fija,11.9,88967.24
12000000.00,7800000,180,65.0,257493.00,9.90,Fija,11.9,90122.66
12153846.00,7900000,180,65.0,260795.00,9.90,Fija,11.9,91278.08
12307692.00,8000000,180,65.0,264096.00,9.90,Fija,11.9,92433.50
12461538.00,8100000,180,65.0,267397.00,9.90,Fija,11.9,93588.92
12615385.00,8200000,180,65.0,270698.00,9.90,Fija,11.9,94744.34
12769231.00,8300000,180,65.0,273999.00,9.90,Fija,11.9,95899.76
12923077.00,8400000,180,65.0,277300.00,9.90,Fija,11.9,97055.17
13076923.00,8500000,180,65.0,280602.00,9.90,Fija,11.9,98210.59
13230769.00,8600000,180,65.0,283903.00,9.90,Fija,11.9,99366.01
13384615.00,8700000,180,65.0,287204.00,9.90,Fija,11.9,100521.43
13538462.00,8800000,180,65.0,290505.00,9.90,Fija,11.9,101676.85
13692308.00,8900000,180,65.0,293806.00,9.90,Fija,11.9,102832.27
13846154.00,9000000,180,65.0,297108.00,9.90,Fija,11.9,103987.69
14000000.00,9100000,180,65.0,300409.00,9.90,Fija,11.9,105143.11
14153846.00,9200000,180,65.0,303710.00,9.90,Fija,11.9,106298.52
14307692.00,9300000,180,65.0,307011.00,9.90,Fija,11.9,107453.94
14461538.00,9400000,180,65.0,310312.00,9.90,Fija,11.9,108609.36
14615385.00,9500000,180,65.0,313614.00,9.90,Fija,11.9,109764.78
14769231.00,9600000,180,65.0,316915.00,9.90,Fija,11.9,110920.20
14923077.00,9700000,180,65.0,320216.00,9.90,Fija,11.9,112075.62
15076923.00,9800000,180,65.0,323517.00,9.90,Fija,11.9,113231.04
15230769.00,9900000,180,65.0,326818.00,9.90,Fija,11.9,114386.46
15384615.00,10000000,180,65.0,330120.00,9.90,Fija,11.9,115541.87
500000.00,300000,180,60.0,15000.00,9.90,Fija,12.2,3475.49
533333.00,400000,180,75.0,15000.00,9.90,Fija,12.0,4601.98
666667.00,500000,180,75.0,16436.00,9.90,Fija,11.9,5752.48
800000.00,600000,180,75.0,19723.00,9.90,Fija,11.9,6902.97
933333.00,700000,180,75.0,23010.00,9.90,Fija,11.9,8053.47
1066667.00,800000,180,75.0,26297.00,9.90,Fija,11.9,9203.97
1200000.00,900000,180,75.0,29584.00,9.90,Fija,11.9,10354.46
1333333.00,1000000,180,75.0,32871.00,9.90,Fija,11.9,11504.96
1333333.00,1100000,180,75.0,32871.00,9.90,Fija,11.9,11504.96
1600000.00,1200000,180,75.0,39446.00,9.90,Fija,11.9,13805.95
1733333.00,1300000,180,75.0,42733.00,9.90,Fija,11.9,14956.44
1866667.00,1400000,180,75.0,46020.00,9.90,Fija,11.9,16106.94
2000000.00,1500000,180,75.0,49307.00,9.90,Fija,11.9,17257.44
2133333.00,1600000,180,75.0,52594.00,9.90,Fija,11.9,18407.93
2266667.00,1700000,180,75.0,55881.00,9.90,Fija,11.9,19558.43
2400000.00,1800000,180,75.0,59168.00,9.90,Fija,11.9,20708.92
2533333.00,1900000,180,75.0,62455.00,9.90,Fija,11.9,21859.42
2666667.00,2000000,180,75.0,65743.00,9.90,Fija,11.9,23009.91
2800000.00,2100000,180,75.0,69030.00,9.90,Fija,11.8,24160.41
2933333.00,2200000,180,75.0,72317.00,9.90,Fija,11.8,25310.90
3066667.00,2300000,180,75.0,75604.00,9.90,Fija,11.9,26461.40
3200000.00,2400000,180,75.0,78891.00,9.90,Fija,11.9,27611.90
3333333.00,2500000,180,75.0,82178.00,9.90,Fija,11.9,28762.39
3466667.00,2600000,180,75.0,85465.00,9.90,Fija,11.9,29912.89
3600000.00,2700000,180,75.0,88753.00,9.90,Fija,11.9,31063.38
3733333.00,2800000,180,75.0,92040.00,9.90,Fija,11.9,32213.88
3866667.00,2900000,180,75.0,95327.00,9.90,Fija,11.8,33364.37
4000000.00,3000000,180,75.0,98614.00,9.90,Fija,11.8,34514.87
4133333.00,3100000,180,75.0,101901.00,9.90,Fija,11.8,35665.37
4266667.00,3200000,180,75.0,105188.00,9.90,Fija,11.8,36815.86
4400000.00,3300000,180,75.0,108475.00,9.90,Fija,11.8,37966.36
4533333.00,3400000,180,75.0,111762.00,9.90,Fija,11.8,39116.85
4666667.00,3500000,180,75.0,115050.00,9.90,Fija,11.8,40267.35
4800000.00,3600000,180,75.0,118337.00,9.90,Fija,11.8,41417.84
4933333.00,3700000,180,75.0,121624.00,9.90,Fija,11.8,42568.34
5066667.00,3800000,180,75.0,124911.00,9.90,Fija,11.9,43718.84
5200000.00,3900000,180,75.0,128198.00,9.90,Fija,11.9,44869.33
5333333.00,4000000,180,75.0,131485.00,9.90,Fija,11.8,46019.83
5466667.00,4100000,180,75.0,134772.00,9.90,Fija,11.8,47170.32
5600000.00,4200000,180,75.0,138059.00,9.90,Fija,11.8,48320.82
5733333.00,4300000,180,75.0,141347.00,9.90,Fija,11.8,49471.31
5866667.00,4400000,180,75.0,144634.00,9.90,Fija,11.8,50621.81
6923077.00,4500000,180,65.0,148554.00,9.90,Fija,11.9,51993.84
7076923.00,4600000,180,65.0,151855.00,9.90,Fija,11.9,53149.26
7230769.00,4700000,180,65.0,155156.00,9.90,Fija,11.9,54304.68
7384615.00,4800000,180,65.0,158457.00,9.90,Fija,11.9,55460.10
7538462.00,4900000,180,65.0,161759.00,9.90,Fija,11.9,56615.52
7692308.00,5000000,180,65.0,165060.00,9.90,Fija,11.9,57770.94
7846154.00,5100000,180,65.0,168361.00,9.90,Fija,11.9,58926.36
8000000.00,5200000,180,65.0,171662.00,9.90,Fija,11.9,60081.77
8153846.00,5300000,180,65.0,174963.00,9.90,Fija,11.9,61237.19
8307692.00,5400000,180,65.0,178265.00,9.90,Fija,11.9,62392.61
8461538.00,5500000,180,65.0,181566.00,9.90,Fija,11.9,63548.03
8615385.00,5600000,180,65.0,184867.00,9.90,Fija,11.9,64703.45
8769231.00,5700000,180,65.0,188168.00,9.90,Fija,11.9,65858.87
8923077.00,5800000,180,65.0,191469.00,9.90,Fija,11.9,67014.29
9076923.00,5900000,180,65.0,194771.00,9.90,Fija,11.9,68169.71
9230769.00,6000000,180,65.0,198072.00,9.90,Fija,11.9,69325.12
9384615.00,6100000,180,65.0,201373.00,9.90,Fija,11.9,70480.54
9538462.00,6200000,180,65.0,204674.00,9.90,Fija,11.9,71635.96
9692308.00,6300000,180,65.0,207975.00,9.90,Fija,11.9,72791.38
9846154.00,6400000,180,65.0,211277.00,9.90,Fija,11.9,73946.80
10000000.00,6500000,180,65.0,214578.00,9.90,Fija,11.9,75102.22
10153846.00,6600000,180,65.0,217879.00,9.90,Fija,11.9,76257.64
10307692.00,6700000,180,65.0,221180.00,9.90,Fija,11.9,77413.06
10461538.00,6800000,180,65.0,224481.00,9.90,Fija,11.9,78568.47
10615385.00,6900000,180,65.0,227783.00,9.90,Fija,11.9,79723.89
10769231.00,7000000,180,65.0,231084.00,9.90,Fija,11.9,80879.31
10923077.00,7100000,180,65.0,234385.00,9.90,Fija,11.9,82034.73
11076923.00,7200000,180,65.0,237686.00,9.90,Fija,11.9,83190.15
11230769.00,7300000,180,65.0,240987.00,9.90,Fija,11.9,84345.57
11384615.00,7400000,180,65.0,244289.00,9.90,Fija,11.9,85500.99
11538462.00,7500000,180,65.0,247590.00,9.90,Fija,11.9,86656.41
11692308.00,7600000,180,65.0,250891.00,9.90,Fija,11.9,87811.82
11846154.00,7700000,180,65.0,254192.00,9.90,Fija,11.9,88967.24
12000000.00,7800000,180,65.0,257493.00,9.90,Fija,11.9,90122.66
12153846.00,7900000,180,65.0,260795.00,9.90,Fija,11.9,91278.08
12307692.00,8000000,180,65.0,264096.00,9.90,Fija,11.9,92433.50
12461538.00,8100000,180,65.0,267397.00,9.90,Fija,11.9,93588.92
12615385.00,8200000,180,65.0,270698.00,9.90,Fija,11.9,94744.34
12769231.00,8300000,180,65.0,273999.00,9.90,Fija,11.9,95899.76
12923077.00,8400000,180,65.0,277300.00,9.90,Fija,11.9,97055.17
13076923.00,8500000,180,65.0,280602.00,9.90,Fija,11.9,98210.59
13230769.00,8600000,180,65.0,283903.00,9.90,Fija,11.9,99366.01
13384615.00,8700000,180,65.0,287204.00,9.90,Fija,11.9,100521.43
13538462.00,8800000,180,65.0,290505.00,9.90,Fija,11.9,101676.85
13692308.00,8900000,180,65.0,293806.00,9.90,Fija,11.9,102832.27
13846154.00,9000000,180,65.0,297108.00,9.90,Fija,11.9,103987.69
14000000.00,9100000,180,65.0,300409.00,9.90,Fija,11.9,105143.11
14153846.00,9200000,180,65.0,303710.00,9.90,Fija,11.9,106298.52
14307692.00,9300000,180,65.0,307011.00,9.90,Fija,11.9,107453.94
14461538.00,9400000,180,65.0,310312.00,9.90,Fija,11.9,108609.36
14615385.00,9500000,180,65.0,313614.00,9.90,Fija,11.9,109764.78
14769231.00,9600000,180,65.0,316915.00,9.90,Fija,11.9,110920.20
14923077.00,9700000,180,65.0,320216.00,9.90,Fija,11.9,112075.62
15076923.00,9800000,180,65.0,323517.00,9.90,Fija,11.9,113231.04
15230769.00,9900000,180,65.0,326818.00,9.90,Fija,11.9,114386.46
15384615.00,10000000,180,65.0,330120.00,9.90,Fija,11.9,115541.87
500000.00,300000,180,60.0,15000.00,9.90,Fija,12.2,3475.49
615385.00,400000,180,65.0,15000.00,9.90,Fija,12.0,4621.67
769231.00,500000,180,65.0,16506.00,9.90,Fija,12.0,5777.09
923077.00,600000,180,65.0,19807.00,9.90,Fija,12.0,6932.51
1076923.00,700000,180,65.0,23108.00,9.90,Fija,12.0,8087.93
1230769.00,800000,180,65.0,26410.00,9.90,Fija,12.0,9243.35
1384615.00,900000,180,65.0,29711.00,9.90,Fija,12.0,10398.77
1538462.00,1000000,180,65.0,33012.00,9.90,Fija,12.0,11554.19
1692308.00,1100000,180,65.0,36313.00,9.90,Fija,12.0,12709.61
1846154.00,1200000,180,65.0,39614.00,9.90,Fija,12.0,13865.02
2000000.00,1300000,180,65.0,42916.00,9.90,Fija,12.0,15020.44
2153846.00,1400000,180,65.0,46217.00,9.90,Fija,12.0,16175.86
2307692.00,1500000,180,65.0,49518.00,9.90,Fija,12.0,17331.28
2461538.00,1600000,180,65.0,52819.00,9.90,Fija,12.0,18486.70
2615385.00,1700000,180,65.0,56120.00,9.90,Fija,11.9,19642.12
2769231.00,1800000,180,65.0,59422.00,9.90,Fija,11.9,20797.54
2923077.00,1900000,180,65.0,62723.00,9.90,Fija,11.9,21952.96
3076923.00,2000000,180,65.0,66024.00,9.90,Fija,12.0,23108.37
3230769.00,2100000,180,65.0,69325.00,9.90,Fija,12.0,24263.79
3384615.00,2200000,180,65.0,72626.00,9.90,Fija,12.0,25419.21
3538462.00,2300000,180,65.0,75928.00,9.90,Fija,11.9,26574.63
3692308.00,2400000,180,65.0,79229.00,9.90,Fija,11.9,27730.05
3846154.00,2500000,180,65.0,82530.00,9.90,Fija,11.9,28885.47
4000000.00,2600000,180,65.0,85831.00,9.90,Fija,11.9,30040.89
4153846.00,2700000,180,65.0,89132.00,9.90,Fija,11.9,31196.31
4307692.00,2800000,180,65.0,92433.00,9.90,Fija,11.9,32351.72
4461538.00,2900000,180,65.0,95735.00,9.90,Fija,11.9,33507.14
4615385.00,3000000,180,65.0,99036.00,9.90,Fija,11.9,34662.56
4769231.00,3100000,180,65.0,102337.00,9.90,Fija,11.9,35817.98
4923077.00,3200000,180,65.0,105638.00,9.90,Fija,11.9,36973.40
5076923.00,3300000,180,65.0,108939.00,9.90,Fija,11.9,38128.82
5230769.00,3400000,180,65.0,112241.00,9.90,Fija,11.9,39284.24
5384615.00,3500000,180,65.0,115542.00,9.90,Fija,11.9,40439.66
5538462.00,3600000,180,65.0,118843.00,9.90,Fija,11.9,41595.07
5692308.00,3700000,180,65.0,122144.00,9.90,Fija,11.9,42750.49
5846154.00,3800000,180,65.0,125445.00,9.90,Fija,11.9,43905.91
6000000.00,3900000,180,65.0,128747.00,9.90,Fija,11.9,45061.33
6153846.00,4000000,180,65.0,132048.00,9.90,Fija,11.9,46216.75
6307692.00,4100000,180,65.0,135349.00,9.90,Fija,11.9,47372.17
6461538.00,4200000,180,65.0,138650.00,9.90,Fija,11.9,48527.59
6615385.00,4300000,180,65.0,141951.00,9.90,Fija,11.9,49683.01
6769231.00,4400000,180,65.0,145253.00,9.90,Fija,11.9,50838.42
6923077.00,4500000,180,65.0,148554.00,9.90,Fija,11.9,51993.84
7076923.00,4600000,180,65.0,151855.00,9.90,Fija,11.9,53149.26
7230769.00,4700000,180,65.0,155156.00,9.90,Fija,11.9,54304.68
7384615.00,4800000,180,65.0,158457.00,9.90,Fija,11.9,55460.10
7538462.00,4900000,180,65.0,161759.00,9.90,Fija,11.9,56615.52
7692308.00,5000000,180,65.0,165060.00,9.90,Fija,11.9,57770.94
7846154.00,5100000,180,65.0,168361.00,9.90,Fija,11.9,58926.36
8000000.00,5200000,180,65.0,171662.00,9.90,Fija,11.9,60081.77
8153846.00,5300000,180,65.0,174963.00,9.90,Fija,11.9,61237.19
8307692.00,5400000,180,65.0,178265.00,9.90,Fija,11.9,62392.61
8461538.00,5500000,180,65.0,181566.00,9.90,Fija,11.9,63548.03
8615385.00,5600000,180,65.0,184867.00,9.90,Fija,11.9,64703.45
8769231.00,5700000,180,65.0,188168.00,9.90,Fija,11.9,65858.87
8923077.00,5800000,180,65.0,191469.00,9.90,Fija,11.9,67014.29
9076923.00,5900000,180,65.0,194771.00,9.90,Fija,11.9,68169.71
9230769.00,6000000,180,65.0,198072.00,9.90,Fija,11.9,69325.12
9384615.00,6100000,180,65.0,201373.00,9.90,Fija,11.9,70480.54
9538462.00,6200000,180,65.0,204674.00,9.90,Fija,11.9,71635.96
9692308.00,6300000,180,65.0,207975.00,9.90,Fija,11.9,72791.38
9846154.00,6400000,180,65.0,211277.00,9.90,Fija,11.9,73946.80
10000000.00,6500000,180,65.0,214578.00,9.90,Fija,11.9,75102.22
10153846.00,6600000,180,65.0,217879.00,9.90,Fija,11.9,76257.64
10307692.00,6700000,180,65.0,221180.00,9.90,Fija,11.9,77413.06
10461538.00,6800000,180,65.0,224481.00,9.90,Fija,11.9,78568.47
10615385.00,6900000,180,65.0,227783.00,9.90,Fija,11.9,79723.89
10769231.00,7000000,180,65.0,231084.00,9.90,Fija,11.9,80879.31
10923077.00,7100000,180,65.0,234385.00,9.90,Fija,11.9,82034.73
11076923.00,7200000,180,65.0,237686.00,9.90,Fija,11.9,83190.15
11230769.00,7300000,180,65.0,240987.00,9.90,Fija,11.9,84345.57
11384615.00,7400000,180,65.0,244289.00,9.90,Fija,11.9,85500.99
11538462.00,7500000,180,65.0,247590.00,9.90,Fija,11.9,86656.41
11692308.00,7600000,180,65.0,250891.00,9.90,Fija,11.9,87811.82
11846154.00,7700000,180,65.0,254192.00,9.90,Fija,11.9,88967.24
12000000.00,7800000,180,65.0,257493.00,9.90,Fija,11.9,90122.66
12153846.00,7900000,180,65.0,260795.00,9.90,Fija,11.9,91278.08
12307692.00,8000000,180,65.0,264096.00,9.90,Fija,11.9,92433.50
12461538.00,8100000,180,65.0,267397.00,9.90,Fija,11.9,93588.92
12615385.00,8200000,180,65.0,270698.00,9.90,Fija,11.9,94744.34
12769231.00,8300000,180,65.0,273999.00,9.90,Fija,11.9,95899.76
12923077.00,8400000,180,65.0,277300.00,9.90,Fija,11.9,97055.17
13076923.00,8500000,180,65.0,280602.00,9.90,Fija,11.9,98210.59
13230769.00,8600000,180,65.0,283903.00,9.90,Fija,11.9,99366.01
13384615.00,8700000,180,65.0,287204.00,9.90,Fija,11.9,100521.43
13538462.00,8800000,180,65.0,290505.00,9.90,Fija,11.9,101676.85
13692308.00,8900000,180,65.0,293806.00,9.90,Fija,11.9,102832.27
13846154.00,9000000,180,65.0,297108.00,9.90,Fija,11.9,103987.69
14000000.00,9100000,180,65.0,300409.00,9.90,Fija,11.9,105143.11
14153846.00,9200000,180,65.0,303710.00,9.90,Fija,11.9,106298.52
14307692.00,9300000,180,65.0,307011.00,9.90,Fija,11.9,107453.94
14461538.00,9400000,180,65.0,310312.00,9.90,Fija,11.9,108609.36
14615385.00,9500000,180,65.0,313614.00,9.90,Fija,11.9,109764.78
14769231.00,9600000,180,65.0,316915.00,9.90,Fija,11.9,110920.20
14923077.00,9700000,180,65.0,320216.00,9.90,Fija,11.9,112075.62
15076923.00,9800000,180,65.0,323517.00,9.90,Fija,11.9,113231.04
15230769.00,9900000,180,65.0,326818.00,9.90,Fija,11.9,114386.46
15384615.00,10000000,180,65.0,330120.00,9.90,Fija,11.9,115541.87
500000.00,300000,240,60.0,15000.00,9.90,Fija,12.0,3145.22
500000.00,400000,240,80.0,15000.00,9.90,Fija,11.8,4153.62
588235.00,500000,240,85.0,15000.00,9.90,Fija,11.8,5192.03
705882.00,600000,240,85.0,17801.00,9.90,Fija,11.8,6230.43
823529.00,700000,240,85.0,20768.00,9.90,Fija,11.7,7268.84
941176.00,800000,240,85.0,23735.00,9.90,Fija,11.7,8307.24
1058824.00,900000,240,85.0,26702.00,9.90,Fija,11.8,9345.65
1176471.00,1000000,240,85.0,29669.00,9.90,Fija,11.7,10384.06
1294118.00,1100000,240,85.0,32636.00,9.90,Fija,11.7,11422.46
1411765.00,1200000,240,85.0,35602.00,9.90,Fija,11.7,12460.87
1529412.00,1300000,240,85.0,38569.00,9.90,Fija,11.7,13499.27
1647059.00,1400000,240,85.0,41536.00,9.90,Fija,11.7,14537.68
1764706.00,1500000,240,85.0,44503.00,9.90,Fija,11.7,15576.08
1882353.00,1600000,240,85.0,47470.00,9.90,Fija,11.7,16614.49
2000000.00,1700000,240,85.0,50437.00,9.90,Fija,11.7,17652.89
2117647.00,1800000,240,85.0,53404.00,9.90,Fija,11.7,18691.30
2235294.00,1900000,240,85.0,56371.00,9.90,Fija,11.7,19729.71
2352941.00,2000000,240,85.0,59337.00,9.90,Fija,11.7,20768.11
2470588.00,2100000,240,85.0,62304.00,9.90,Fija,11.7,21806.52
2588235.00,2200000,240,85.0,65271.00,9.90,Fija,11.7,22844.92
2705882.00,2300000,240,85.0,68238.00,9.90,Fija,11.7,23883.33
2823529.00,2400000,240,85.0,71205.00,9.90,Fija,11.7,24921.73
2941176.00,2500000,240,85.0,74172.00,9.90,Fija,11.7,25960.14
3058824.00,2600000,240,85.0,77139.00,9.90,Fija,11.7,26998.54
3176471.00,2700000,240,85.0,80106.00,9.90,Fija,11.7,28036.95
3294118.00,2800000,240,85.0,83072.00,9.90,Fija,11.7,29075.36
3411765.00,2900000,240,85.0,86039.00,9.90,Fija,11.7,30113.76
3529412.00,3000000,240,85.0,89006.00,9.90,Fija,11.7,31152.17
3647059.00,3100000,240,85.0,91973.00,9.90,Fija,11.7,32190.57
3764706.00,3200000,240,85.0,94940.00,9.90,Fija,11.7,33228.98
3882353.00,3300000,240,85.0,97907.00,9.90,Fija,11.7,34267.38
4000000.00,3400000,240,85.0,100874.00,9.90,Fija,11.7,35305.79
4117647.00,3500000,240,85.0,103841.00,9.90,Fija,11.7,36344.19
4235294.00,3600000,240,85.0,106807.00,9.90,Fija,11.7,37382.60
4352941.00,3700000,240,85.0,109774.00,9.90,Fija,11.7,38421.01
4470588.00,3800000,240,85.0,112741.00,9.90,Fija,11.7,39459.41
4588235.00,3900000,240,85.0,115708.00,9.90,Fija,11.7,40497.82
4705882.00,4000000,240,85.0,118675.00,9.90,Fija,11.7,41536.22
4823529.00,4100000,240,85.0,121642.00,9.90,Fija,11.7,42574.63
4941176.00,4200000,240,85.0,124609.00,9.90,Fija,11.7,43613.03
5058824.00,4300000,240,85.0,127576.00,9.90,Fija,11.7,44651.44
5176471.00,4400000,240,85.0,130542.00,9.90,Fija,11.7,45689.85
5294118.00,4500000,240,85.0,133509.00,9.90,Fija,11.7,46728.25
5411765.00,4600000,240,85.0,136476.00,9.90,Fija,11.7,47766.66
5529412.00,4700000,240,85.0,139443.00,9.90,Fija,11.7,48805.06
5647059.00,4800000,240,85.0,142410.00,9.90,Fija,11.7,49843.47
5764706.00,4900000,240,85.0,145377.00,9.90,Fija,11.7,50881.87
5882353.00,5000000,240,85.0,148344.00,9.90,Fija,11.7,51920.28
7846154.00,5100000,240,65.0,152319.00,9.90,Fija,11.8,53311.76
8000000.00,5200000,240,65.0,155306.00,9.90,Fija,11.8,54357.09
8153846.00,5300000,240,65.0,158293.00,9.90,Fija,11.9,55402.42
8307692.00,5400000,240,65.0,161279.00,9.90,Fija,11.9,56447.75
8461538.00,5500000,240,65.0,164266.00,9.90,Fija,11.8,57493.08
8615385.00,5600000,240,65.0,167253.00,9.90,Fija,11.8,58538.40
8769231.00,5700000,240,65.0,170239.00,9.90,Fija,11.8,59583.73
8923077.00,5800000,240,65.0,173226.00,9.90,Fija,11.8,60629.06
9076923.00,5900000,240,65.0,176213.00,9.90,Fija,11.8,61674.39
9230769.00,6000000,240,65.0,179199.00,9.90,Fija,11.8,62719.72
9384615.00,6100000,240,65.0,182186.00,9.90,Fija,11.8,63765.05
9538462.00,6200000,240,65.0,185173.00,9.90,Fija,11.8,64810.38
9692308.00,6300000,240,65.0,188159.00,9.90,Fija,11.8,65855.70
9846154.00,6400000,240,65.0,191146.00,9.90,Fija,11.8,66901.03
10000000.00,6500000,240,65.0,194132.00,9.90,Fija,11.8,67946.36
10153846.00,6600000,240,65.0,197119.00,9.90,Fija,11.8,68991.69
10307692.00,6700000,240,65.0,200106.00,9.90,Fija,11.8,70037.02
10461538.00,6800000,240,65.0,203092.00,9.90,Fija,11.8,71082.35
10615385.00,6900000,240,65.0,206079.00,9.90,Fija,11.8,72127.68
10769231.00,7000000,240,65.0,209066.00,9.90,Fija,11.8,73173.01
10923077.00,7100000,240,65.0,212052.00,9.90,Fija,11.8,74218.33
11076923.00,7200000,240,65.0,215039.00,9.90,Fija,11.8,75263.66
11230769.00,7300000,240,65.0,218026.00,9.90,Fija,11.8,76308.99
11384615.00,7400000,240,65.0,221012.00,9.90,Fija,11.8,77354.32
11538462.00,7500000,240,65.0,223999.00,9.90,Fija,11.8,78399.65
11692308.00,7600000,240,65.0,226986.00,9.90,Fija,11.8,79444.98
11846154.00,7700000,240,65.0,229972.00,9.90,Fija,11.8,80490.31
12000000.00,7800000,240,65.0,232959.00,9.90,Fija,11.8,81535.63
12153846.00,7900000,240,65.0,235946.00,9.90,Fija,11.8,82580.96
12307692.00,8000000,240,65.0,238932.00,9.90,Fija,11.8,83626.29
12461538.00,8100000,240,65.0,241919.00,9.90,Fija,11.8,84671.62
12615385.00,8200000,240,65.0,244906.00,9.90,Fija,11.8,85716.95
12769231.00,8300000,240,65.0,247892.00,9.90,Fija,11.8,86762.28
12923077.00,8400000,240,65.0,250879.00,9.90,Fija,11.8,87807.61
13076923.00,8500000,240,65.0,253866.00,9.90,Fija,11.8,88852.94
13230769.00,8600000,240,65.0,256852.00,9.90,Fija,11.8,89898.26
13384615.00,8700000,240,65.0,259839.00,9.90,Fija,11.8,90943.59
13538462.00,8800000,240,65.0,262825.00,9.90,Fija,11.8,91988.92
13692308.00,8900000,240,65.0,265812.00,9.90,Fija,11.8,93034.25
13846154.00,9000000,240,65.0,268799.00,9.90,Fija,11.8,94079.58
14000000.00,9100000,240,65.0,271785.00,9.90,Fija,11.8,95124.91
14153846.00,9200000,240,65.0,274772.00,9.90,Fija,11.8,96170.24
14307692.00,9300000,240,65.0,277759.00,9.90,Fija,11.8,97215.56
14461538.00,9400000,240,65.0,280745.00,9.90,Fija,11.8,98260.89
14615385.00,9500000,240,65.0,283732.00,9.90,Fija,11.8,99306.22
14769231.00,9600000,240,65.0,286719.00,9.90,Fija,11.8,100351.55
14923077.00,9700000,240,65.0,289705.00,9.90,Fija,11.8,101396.88
15076923.00,9800000,240,65.0,292692.00,9.90,Fija,11.8,102442.21
15230769.00,9900000,240,65.0,295679.00,9.90,Fija,11.8,103487.54
15384615.00,10000000,240,65.0,298665.00,9.90,Fija,11.8,104532.86
500000.00,300000,240,60.0,15000.00,9.90,Fija,12.0,3145.22
533333.00,400000,240,75.0,15000.00,9.90,Fija,11.9,4161.62
666667.00,500000,240,75.0,15000.00,9.90,Fija,11.8,5202.03
800000.00,600000,240,75.0,17836.00,9.90,Fija,11.8,6242.43
933333.00,700000,240,75.0,20808.00,9.90,Fija,11.8,7282.84
1066667.00,800000,240,75.0,23781.00,9.90,Fija,11.8,8323.24
1200000.00,900000,240,75.0,26753.00,9.90,Fija,11.8,9363.65
1333333.00,1000000,240,75.0,29726.00,9.90,Fija,11.8,10404.06
1466667.00,1100000,240,75.0,32698.00,9.90,Fija,11.8,11444.46
1600000.00,1200000,240,75.0,35671.00,9.90,Fija,11.8,12484.87
1733333.00,1300000,240,75.0,38644.00,9.90,Fija,11.8,13525.27
1866667.00,1400000,240,75.0,41616.00,9.90,Fija,11.8,14565.68
2000000.00,1500000,240,75.0,44589.00,9.90,Fija,11.8,15606.08
2133333.00,1600000,240,75.0,47561.00,9.90,Fija,11.8,16646.49
2266667.00,1700000,240,75.0,50534.00,9.90,Fija,11.8,17686.89
2400000.00,1800000,240,75.0,53507.00,9.90,Fija,11.8,18727.30
2533333.00,1900000,240,75.0,56479.00,9.90,Fija,11.8,19767.71
2666667.00,2000000,240,75.0,59452.00,9.90,Fija,11.8,20808.11
2800000.00,2100000,240,75.0,62424.00,9.90,Fija,11.8,21848.52
2933333.00,2200000,240,75.0,65397.00,9.90,Fija,11.8,22888.92
3066667.00,2300000,240,75.0,68370.00,9.90,Fija,11.8,23929.33
3200000.00,2400000,240,75.0,71342.00,9.90,Fija,11.8,24969.73
3333333.00,2500000,240,75.0,74315.00,9.90,Fija,11.8,26010.14
3466667.00,2600000,240,75.0,77287.00,9.90,Fija,11.8,27050.54
3600000.00,2700000,240,75.0,80260.00,9.90,Fija,11.8,28090.95
3733333.00,2800000,240,75.0,83232.00,9.90,Fija,11.8,29131.36
3866667.00,2900000,240,75.0,86205.00,9.90,Fija,11.8,30171.76
4000000.00,3000000,240,75.0,89178.00,9.90,Fija,11.8,31212.17
4133333.00,3100000,240,75.0,92150.00,9.90,Fija,11.8,32252.57
4266667.00,3200000,240,75.0,95123.00,9.90,Fija,11.8,33292.98
4400000.00,3300000,240,75.0,98095.00,9.90,Fija,11.8,34333.38
4533333.00,3400000,240,75.0,101068.00,9.90,Fija,11.8,35373.79
4666667.00,3500000,240,75.0,104041.00,9.90,Fija,11.8,36414.19
4800000.00,3600000,240,75.0,107013.00,9.90,Fija,11.8,37454.60
4933333.00,3700000,240,75.0,109986.00,9.90,Fija,11.8,38495.01
5066667.00,3800000,240,75.0,112958.00,9.90,Fija,11.8,39535.41
5200000.00,3900000,240,75.0,115931.00,9.90,Fija,11.8,40575.82
5333333.00,4000000,240,75.0,118903.00,9.90,Fija,11.8,41616.22
5466667.00,4100000,240,75.0,121876.00,9.90,Fija,11.8,42656.63
5600000.00,4200000,240,75.0,124849.00,9.90,Fija,11.8,43697.03
5733333.00,4300000,240,75.0,127821.00,9.90,Fija,11.8,44737.44
5866667.00,4400000,240,75.0,130794.00,9.90,Fija,11.8,45777.85
6923077.00,4500000,240,65.0,134399.00,9.90,Fija,11.8,47039.79
7076923.00,4600000,240,65.0,137386.00,9.90,Fija,11.8,48085.12
7230769.00,4700000,240,65.0,140373.00,9.90,Fija,11.8,49130.45
7384615.00,4800000,240,65.0,143359.00,9.90,Fija,11.8,50175.78
7538462.00,4900000,240,65.0,146346.00,9.90,Fija,11.8,51221.10
7692308.00,5000000,240,65.0,149333.00,9.90,Fija,11.8,52266.43
7846154.00,5100000,240,65.0,152319.00,9.90,Fija,11.8,53311.76
8000000.00,5200000,240,65.0,155306.00,9.90,Fija,11.8,54357.09
8153846.00,5300000,240,65.0,158293.00,9.90,Fija,11.9,55402.42
8307692.00,5400000,240,65.0,161279.00,9.90,Fija,11.9,56447.75
8461538.00,5500000,240,65.0,164266.00,9.90,Fija,11.8,57493.08
8615385.00,5600000,240,65.0,167253.00,9.90,Fija,11.8,58538.40
8769231.00,5700000,240,65.0,170239.00,9.90,Fija,11.8,59583.73
8923077.00,5800000,240,65.0,173226.00,9.90,Fija,11.8,60629.06
9076923.00,5900000,240,65.0,176213.00,9.90,Fija,11.8,61674.39
9230769.00,6000000,240,65.0,179199.00,9.90,Fija,11.8,62719.72
9384615.00,6100000,240,65.0,182186.00,9.90,Fija,11.8,63765.05
9538462.00,6200000,240,65.0,185173.00,9.90,Fija,11.8,64810.38
9692308.00,6300000,240,65.0,188159.00,9.90,Fija,11.8,65855.70
9846154.00,6400000,240,65.0,191146.00,9.90,Fija,11.8,66901.03
10000000.00,6500000,240,65.0,194132.00,9.90,Fija,11.8,67946.36
10153846.00,6600000,240,65.0,197119.00,9.90,Fija,11.8,68991.69
10307692.00,6700000,240,65.0,200106.00,9.90,Fija,11.8,70037.02
10461538.00,6800000,240,65.0,203092.00,9.90,Fija,11.8,71082.35
10615385.00,6900000,240,65.0,206079.00,9.90,Fija,11.8,72127.68
10769231.00,7000000,240,65.0,209066.00,9.90,Fija,11.8,73173.01
10923077.00,7100000,240,65.0,212052.00,9.90,Fija,11.8,74218.33
11076923.00,7200000,240,65.0,215039.00,9.90,Fija,11.8,75263.66
11230769.00,7300000,240,65.0,218026.00,9.90,Fija,11.8,76308.99
11384615.00,7400000,240,65.0,221012.00,9.90,Fija,11.8,77354.32
11538462.00,7500000,240,65.0,223999.00,9.90,Fija,11.8,78399.65
11692308.00,7600000,240,65.0,226986.00,9.90,Fija,11.8,79444.98
11846154.00,7700000,240,65.0,229972.00,9.90,Fija,11.8,80490.31
12000000.00,7800000,240,65.0,232959.00,9.90,Fija,11.8,81535.63
12153846.00,7900000,240,65.0,235946.00,9.90,Fija,11.8,82580.96
12307692.00,8000000,240,65.0,238932.00,9.90,Fija,11.8,83626.29
12461538.00,8100000,240,65.0,241919.00,9.90,Fija,11.8,84671.62
12615385.00,8200000,240,65.0,244906.00,9.90,Fija,11.8,85716.95
12769231.00,8300000,240,65.0,247892.00,9.90,Fija,11.8,86762.28
12923077.00,8400000,240,65.0,250879.00,9.90,Fija,11.8,87807.61
13076923.00,8500000,240,65.0,253866.00,9.90,Fija,11.8,88852.94
13230769.00,8600000,240,65.0,256852.00,9.90,Fija,11.8,89898.26
13384615.00,8700000,240,65.0,259839.00,9.90,Fija,11.8,90943.59
13538462.00,8800000,240,65.0,262825.00,9.90,Fija,11.8,91988.92
13692308.00,8900000,240,65.0,265812.00,9.90,Fija,11.8,93034.25
13846154.00,9000000,240,65.0,268799.00,9.90,Fija,11.8,94079.58
14000000.00,9100000,240,65.0,271785.00,9.90,Fija,11.8,95124.91
14153846.00,9200000,240,65.0,274772.00,9.90,Fija,11.8,96170.24
14307692.00,9300000,240,65.0,277759.00,9.90,Fija,11.8,97215.56
14461538.00,9400000,240,65.0,280745.00,9.90,Fija,11.8,98260.89
14615385.00,9500000,240,65.0,283732.00,9.90,Fija,11.8,99306.22
14769231.00,9600000,240,65.0,286719.00,9.90,Fija,11.8,100351.55
14923077.00,9700000,240,65.0,289705.00,9.90,Fija,11.8,101396.88
15076923.00,9800000,240,65.0,292692.00,9.90,Fija,11.8,102442.21
15230769.00,9900000,240,65.0,295679.00,9.90,Fija,11.8,103487.54
15384615.00,10000000,240,65.0,298665.00,9.90,Fija,11.8,104532.86
500000.00,300000,240,60.0,15000.00,9.90,Fija,12.0,3145.22
615385.00,400000,240,65.0,15000.00,9.90,Fija,11.9,4181.31
769231.00,500000,240,65.0,15000.00,9.90,Fija,11.9,5226.64
923077.00,600000,240,65.0,17920.00,9.90,Fija,11.9,6271.97
1076923.00,700000,240,65.0,20907.00,9.90,Fija,11.9,7317.30
1230769.00,800000,240,65.0,23893.00,9.90,Fija,11.9,8362.63
1384615.00,900000,240,65.0,26880.00,9.90,Fija,11.9,9407.96
1538462.00,1000000,240,65.0,29867.00,9.90,Fija,11.9,10453.29
1692308.00,1100000,240,65.0,32853.00,9.90,Fija,11.9,11498.62
1846154.00,1200000,240,65.0,35840.00,9.90,Fija,11.9,12543.94
2000000.00,1300000,240,65.0,38826.00,9.90,Fija,11.9,13589.27
2153846.00,1400000,240,65.0,41813.00,9.90,Fija,11.9,14634.60
2307692.00,1500000,240,65.0,44800.00,9.90,Fija,11.9,15679.93
2461538.00,1600000,240,65.0,47786.00,9.90,Fija,11.9,16725.26
2615385.00,1700000,240,65.0,50773.00,9.90,Fija,11.9,17770.59
2769231.00,1800000,240,65.0,53760.00,9.90,Fija,11.9,18815.92
2923077.00,1900000,240,65.0,56746.00,9.90,Fija,11.9,19861.24
3076923.00,2000000,240,65.0,59733.00,9.90,Fija,11.9,20906.57
3230769.00,2100000,240,65.0,62720.00,9.90,Fija,11.9,21951.90
3384615.00,2200000,240,65.0,65706.00,9.90,Fija,11.9,22997.23
3538462.00,2300000,240,65.0,68693.00,9.90,Fija,11.9,24042.56
3692308.00,2400000,240,65.0,71680.00,9.90,Fija,11.9,25087.89
3846154.00,2500000,240,65.0,74666.00,9.90,Fija,11.9,26133.22
4000000.00,2600000,240,65.0,77653.00,9.90,Fija,11.9,27178.54
4153846.00,2700000,240,65.0,80640.00,9.90,Fija,11.8,28223.87
4307692.00,2800000,240,65.0,83626.00,9.90,Fija,11.8,29269.20
4461538.00,2900000,240,65.0,86613.00,9.90,Fija,11.8,30314.53
4615385.00,3000000,240,65.0,89600.00,9.90,Fija,11.8,31359.86
4769231.00,3100000,240,65.0,92586.00,9.90,Fija,11.8,32405.19
4923077.00,3200000,240,65.0,95573.00,9.90,Fija,11.8,33450.52
5076923.00,3300000,240,65.0,98560.00,9.90,Fija,11.9,34495.85
5230769.00,3400000,240,65.0,101546.00,9.90,Fija,11.9,35541.17
5384615.00,3500000,240,65.0,104533.00,9.90,Fija,11.9,36586.50
5538462.00,3600000,240,65.0,107520.00,9.90,Fija,11.9,37631.83
5692308.00,3700000,240,65.0,110506.00,9.90,Fija,11.8,38677.16
5846154.00,3800000,240,65.0,113493.00,9.90,Fija,11.8,39722.49
6000000.00,3900000,240,65.0,116479.00,9.90,Fija,11.8,40767.82
6153846.00,4000000,240,65.0,119466.00,9.90,Fija,11.8,41813.15
6307692.00,4100000,240,65.0,122453.00,9.90,Fija,11.8,42858.47
6461538.00,4200000,240,65.0,125439.00,9.90,Fija,11.8,43903.80
6615385.00,4300000,240,65.0,128426.00,9.90,Fija,11.8,44949.13
6769231.00,4400000,240,65.0,131413.00,9.90,Fija,11.8,45994.46
6923077.00,4500000,240,65.0,134399.00,9.90,Fija,11.8,47039.79
7076923.00,4600000,240,65.0,137386.00,9.90,Fija,11.8,48085.12
7230769.00,4700000,240,65.0,140373.00,9.90,Fija,11.8,49130.45
7384615.00,4800000,240,65.0,143359.00,9.90,Fija,11.8,50175.78
7538462.00,4900000,240,65.0,146346.00,9.90,Fija,11.8,51221.10
7692308.00,5000000,240,65.0,149333.00,9.90,Fija,11.8,52266.43
7846154.00,5100000,240,65.0,152319.00,9.90,Fija,11.8,53311.76
8000000.00,5200000,240,65.0,155306.00,9.90,Fija,11.8,54357.09
8153846.00,5300000,240,65.0,158293.00,9.90,Fija,11.9,55402.42
8307692.00,5400000,240,65.0,161279.00,9.90,Fija,11.9,56447.75
8461538.00,5500000,240,65.0,164266.00,9.90,Fija,11.8,57493.08
8615385.00,5600000,240,65.0,167253.00,9.90,Fija,11.8,58538.40
8769231.00,5700000,240,65.0,170239.00,9.90,Fija,11.8,59583.73
8923077.00,5800000,240,65.0,173226.00,9.90,Fija,11.8,60629.06
9076923.00,5900000,240,65.0,176213.00,9.90,Fija,11.8,61674.39
9230769.00,6000000,240,65.0,179199.00,9.90,Fija,11.8,62719.72
9384615.00,6100000,240,65.0,182186.00,9.90,Fija,11.8,63765.05
9538462.00,6200000,240,65.0,185173.00,9.90,Fija,11.8,64810.38
9692308.00,6300000,240,65.0,188159.00,9.90,Fija,11.8,65855.70
9846154.00,6400000,240,65.0,191146.00,9.90,Fija,11.8,66901.03
10000000.00,6500000,240,65.0,194132.00,9.90,Fija,11.8,67946.36
10153846.00,6600000,240,65.0,197119.00,9.90,Fija,11.8,68991.69
10307692.00,6700000,240,65.0,200106.00,9.90,Fija,11.8,70037.02
10461538.00,6800000,240,65.0,203092.00,9.90,Fija,11.8,71082.35
10615385.00,6900000,240,65.0,206079.00,9.90,Fija,11.8,72127.68
10769231.00,7000000,240,65.0,209066.00,9.90,Fija,11.8,73173.01
10923077.00,7100000,240,65.0,212052.00,9.90,Fija,11.8,74218.33
11076923.00,7200000,240,65.0,215039.00,9.90,Fija,11.8,75263.66
11230769.00,7300000,240,65.0,218026.00,9.90,Fija,11.8,76308.99
11384615.00,7400000,240,65.0,221012.00,9.90,Fija,11.8,77354.32
11538462.00,7500000,240,65.0,223999.00,9.90,Fija,11.8,78399.65
11692308.00,7600000,240,65.0,226986.00,9.90,Fija,11.8,79444.98
11846154.00,7700000,240,65.0,229972.00,9.90,Fija,11.8,80490.31
12000000.00,7800000,240,65.0,232959.00,9.90,Fija,11.8,81535.63
12153846.00,7900000,240,65.0,235946.00,9.90,Fija,11.8,82580.96
12307692.00,8000000,240,65.0,238932.00,9.90,Fija,11.8,83626.29
12461538.00,8100000,240,65.0,241919.00,9.90,Fija,11.8,84671.62
12615385.00,8200000,240,65.0,244906.00,9.90,Fija,11.8,85716.95
12769231.00,8300000,240,65.0,247892.00,9.90,Fija,11.8,86762.28
12923077.00,8400000,240,65.0,250879.00,9.90,Fija,11.8,87807.61
13076923.00,8500000,240,65.0,253866.00,9.90,Fija,11.8,88852.94
13230769.00,8600000,240,65.0,256852.00,9.90,Fija,11.8,89898.26
13384615.00,8700000,240,65.0,259839.00,9.90,Fija,11.8,90943.59
13538462.00,8800000,240,65.0,262825.00,9.90,Fija,11.8,91988.92
13692308.00,8900000,240,65.0,265812.00,9.90,Fija,11.8,93034.25
13846154.00,9000000,240,65.0,268799.00,9.90,Fija,11.8,94079.58
14000000.00,9100000,240,65.0,271785.00,9.90,Fija,11.8,95124.91
14153846.00,9200000,240,65.0,274772.00,9.90,Fija,11.8,96170.24
14307692.00,9300000,240,65.0,277759.00,9.90,Fija,11.8,97215.56
14461538.00,9400000,240,65.0,280745.00,9.90,Fija,11.8,98260.89
14615385.00,9500000,240,65.0,283732.00,9.90,Fija,11.8,99306.22
14769231.00,9600000,240,65.0,286719.00,9.90,Fija,11.8,100351.55
14923077.00,9700000,240,65.0,289705.00,9.90,Fija,11.8,101396.88
15076923.00,9800000,240,65.0,292692.00,9.90,Fija,11.8,102442.21
15230769.00,9900000,240,65.0,295679.00,9.90,Fija,11.8,103487.54
15384615.00,10000000,240,65.0,298665.00,9.90,Fija,11.8,104532.86
500000.00,300000,240,60.0,15000.00,9.90,Creciente,12.0,2823.00
500000.00,400000,240,80.0,15000.00,9.90,Creciente,11.8,3724.00
588235.00,500000,240,85.0,15000.00,9.90,Creciente,11.7,4655.00
705882.00,600000,240,85.0,16551.00,9.90,Creciente,11.7,5586.00
823529.00,700000,240,85.0,19310.00,9.90,Creciente,11.7,6517.00
941176.00,800000,240,85.0,22068.00,9.90,Creciente,11.7,7448.00
1058824.00,900000,240,85.0,24827.00,9.90,Creciente,11.7,8379.00
1176471.00,1000000,240,85.0,27585.00,9.90,Creciente,11.7,9310.00
1294118.00,1100000,240,85.0,30344.00,9.90,Creciente,11.7,10241.00
1411765.00,1200000,240,85.0,33102.00,9.90,Creciente,11.7,11172.00
1529412.00,1300000,240,85.0,35861.00,9.90,Creciente,11.7,12103.00
1647059.00,1400000,240,85.0,38619.00,9.90,Creciente,11.7,13034.00
1764706.00,1500000,240,85.0,41378.00,9.90,Creciente,11.7,13965.00
1882353.00,1600000,240,85.0,44136.00,9.90,Creciente,11.7,14896.00
2000000.00,1700000,240,85.0,46895.00,9.90,Creciente,11.7,15827.00
2117647.00,1800000,240,85.0,49653.00,9.90,Creciente,11.7,16758.00
2235294.00,1900000,240,85.0,52412.00,9.90,Creciente,11.7,17689.00
2352941.00,2000000,240,85.0,55170.00,9.90,Creciente,11.7,18620.00
2470588.00,2100000,240,85.0,57929.00,9.90,Creciente,11.7,19551.00
2588235.00,2200000,240,85.0,60687.00,9.90,Creciente,11.7,20482.00
2705882.00,2300000,240,85.0,63446.00,9.90,Creciente,11.7,21413.00
2823529.00,2400000,240,85.0,66204.00,9.90,Creciente,11.6,22344.00
2941176.00,2500000,240,85.0,68963.00,9.90,Creciente,11.6,23275.00
3058824.00,2600000,240,85.0,71721.00,9.90,Creciente,11.7,24206.00
3176471.00,2700000,240,85.0,74480.00,9.90,Creciente,11.7,25137.00
3294118.00,2800000,240,85.0,77239.00,9.90,Creciente,11.7,26068.00
3411765.00,2900000,240,85.0,79997.00,9.90,Creciente,11.7,26999.00
3529412.00,3000000,240,85.0,82756.00,9.90,Creciente,11.7,27930.00
3647059.00,3100000,240,85.0,85514.00,9.90,Creciente,11.7,28861.00
3764706.00,3200000,240,85.0,88273.00,9.90,Creciente,11.7,29792.00
3882353.00,3300000,240,85.0,91031.00,9.90,Creciente,11.6,30723.00
4000000.00,3400000,240,85.0,93790.00,9.90,Creciente,11.6,31654.00
4117647.00,3500000,240,85.0,96548.00,9.90,Creciente,11.6,32585.00
4235294.00,3600000,240,85.0,99307.00,9.90,Creciente,11.6,33516.00
4352941.00,3700000,240,85.0,102065.00,9.90,Creciente,11.6,34447.00
4470588.00,3800000,240,85.0,104824.00,9.90,Creciente,11.6,35378.00
4588235.00,3900000,240,85.0,107582.00,9.90,Creciente,11.6,36309.00
4705882.00,4000000,240,85.0,110341.00,9.90,Creciente,11.6,37240.00
4823529.00,4100000,240,85.0,113099.00,9.90,Creciente,11.6,38171.00
4941176.00,4200000,240,85.0,115858.00,9.90,Creciente,11.6,39102.00
5058824.00,4300000,240,85.0,118616.00,9.90,Creciente,11.7,40033.00
5176471.00,4400000,240,85.0,121375.00,9.90,Creciente,11.7,40964.00
5294118.00,4500000,240,85.0,124133.00,9.90,Creciente,11.7,41895.00
5411765.00,4600000,240,85.0,126892.00,9.90,Creciente,11.6,42826.00
5529412.00,4700000,240,85.0,129650.00,9.90,Creciente,11.6,43757.00
5647059.00,4800000,240,85.0,132409.00,9.90,Creciente,11.6,44688.00
5764706.00,4900000,240,85.0,135167.00,9.90,Creciente,11.6,45619.00
5882353.00,5000000,240,85.0,137926.00,9.90,Creciente,11.6,46550.00
7846154.00,5100000,240,65.0,141731.00,9.90,Creciente,11.8,47834.08
8000000.00,5200000,240,65.0,144510.00,9.90,Creciente,11.8,48772.00
8153846.00,5300000,240,65.0,147289.00,9.90,Creciente,11.8,49709.92
8307692.00,5400000,240,65.0,150068.00,9.90,Creciente,11.8,50647.85
8461538.00,5500000,240,65.0,152847.00,9.90,Creciente,11.8,51585.77
8615385.00,5600000,240,65.0,155626.00,9.90,Creciente,11.8,52523.69
8769231.00,5700000,240,65.0,158405.00,9.90,Creciente,11.8,53461.62
8923077.00,5800000,240,65.0,161184.00,9.90,Creciente,11.8,54399.54
9076923.00,5900000,240,65.0,163963.00,9.90,Creciente,11.8,55337.46
9230769.00,6000000,240,65.0,166742.00,9.90,Creciente,11.8,56275.38
9384615.00,6100000,240,65.0,169521.00,9.90,Creciente,11.8,57213.31
9538462.00,6200000,240,65.0,172300.00,9.90,Creciente,11.8,58151.23
9692308.00,6300000,240,65.0,175079.00,9.90,Creciente,11.8,59089.15
9846154.00,6400000,240,65.0,177858.00,9.90,Creciente,11.8,60027.08
10000000.00,6500000,240,65.0,180637.00,9.90,Creciente,11.8,60965.00
10153846.00,6600000,240,65.0,183416.00,9.90,Creciente,11.8,61902.92
10307692.00,6700000,240,65.0,186195.00,9.90,Creciente,11.8,62840.85
10461538.00,6800000,240,65.0,188974.00,9.90,Creciente,11.8,63778.77
10615385.00,6900000,240,65.0,191753.00,9.90,Creciente,11.8,64716.69
10769231.00,7000000,240,65.0,194532.00,9.90,Creciente,11.8,65654.62
10923077.00,7100000,240,65.0,197311.00,9.90,Creciente,11.8,66592.54
11076923.00,7200000,240,65.0,200090.00,9.90,Creciente,11.8,67530.46
11230769.00,7300000,240,65.0,202869.00,9.90,Creciente,11.8,68468.38
11384615.00,7400000,240,65.0,205648.00,9.90,Creciente,11.8,69406.31
11538462.00,7500000,240,65.0,208427.00,9.90,Creciente,11.8,70344.23
11692308.00,7600000,240,65.0,211206.00,9.90,Creciente,11.8,71282.15
11846154.00,7700000,240,65.0,213985.00,9.90,Creciente,11.8,72220.08
12000000.00,7800000,240,65.0,216764.00,9.90,Creciente,11.8,73158.00
12153846.00,7900000,240,65.0,219543.00,9.90,Creciente,11.8,74095.92
12307692.00,8000000,240,65.0,222323.00,9.90,Creciente,11.8,75033.85
12461538.00,8100000,240,65.0,225102.00,9.90,Creciente,11.8,75971.77
12615385.00,8200000,240,65.0,227881.00,9.90,Creciente,11.8,76909.69
12769231.00,8300000,240,65.0,230660.00,9.90,Creciente,11.8,77847.62
12923077.00,8400000,240,65.0,233439.00,9.90,Creciente,11.8,78785.54
13076923.00,8500000,240,65.0,236218.00,9.90,Creciente,11.8,79723.46
13230769.00,8600000,240,65.0,238997.00,9.90,Creciente,11.8,80661.38
13384615.00,8700000,240,65.0,241776.00,9.90,Creciente,11.8,81599.31
13538462.00,8800000,240,65.0,244555.00,9.90,Creciente,11.8,82537.23
13692308.00,8900000,240,65.0,247334.00,9.90,Creciente,11.8,83475.15
13846154.00,9000000,240,65.0,250113.00,9.90,Creciente,11.8,84413.08
14000000.00,9100000,240,65.0,252892.00,9.90,Creciente,11.8,85351.00
14153846.00,9200000,240,65.0,255671.00,9.90,Creciente,11.8,86288.92
14307692.00,9300000,240,65.0,258450.00,9.90,Creciente,11.8,87226.85
14461538.00,9400000,240,65.0,261229.00,9.90,Creciente,11.8,88164.77
14615385.00,9500000,240,65.0,264008.00,9.90,Creciente,11.8,89102.69
14769231.00,9600000,240,65.0,266787.00,9.90,Creciente,11.8,90040.62
14923077.00,9700000,240,65.0,269566.00,9.90,Creciente,11.8,90978.54
15076923.00,9800000,240,65.0,272345.00,9.90,Creciente,11.8,91916.46
15230769.00,9900000,240,65.0,275124.00,9.90,Creciente,11.8,92854.38
15384615.00,10000000,240,65.0,277903.00,9.90,Creciente,11.8,93792.31
500000.00,300000,240,60.0,15000.00,9.90,Creciente,12.0,2823.00
533333.00,400000,240,75.0,15000.00,9.90,Creciente,11.8,3732.00
666667.00,500000,240,75.0,15000.00,9.90,Creciente,11.8,4665.00
800000.00,600000,240,75.0,16587.00,9.90,Creciente,11.8,5598.00
933333.00,700000,240,75.0,19351.00,9.90,Creciente,11.7,6531.00
1066667.00,800000,240,75.0,22116.00,9.90,Creciente,11.8,7464.00
1200000.00,900000,240,75.0,24880.00,9.90,Creciente,11.8,8397.00
1333333.00,1000000,240,75.0,27644.00,9.90,Creciente,11.8,9330.00
1466667.00,1100000,240,75.0,30409.00,9.90,Creciente,11.7,10263.00
1600000.00,1200000,240,75.0,33173.00,9.90,Creciente,11.7,11196.00
1733333.00,1300000,240,75.0,35938.00,9.90,Creciente,11.7,12129.00
1866667.00,1400000,240,75.0,38702.00,9.90,Creciente,11.7,13062.00
2000000.00,1500000,240,75.0,41467.00,9.90,Creciente,11.7,13995.00
2133333.00,1600000,240,75.0,44231.00,9.90,Creciente,11.7,14928.00
2266667.00,1700000,240,75.0,46996.00,9.90,Creciente,11.7,15861.00
2400000.00,1800000,240,75.0,49760.00,9.90,Creciente,11.7,16794.00
2533333.00,1900000,240,75.0,52524.00,9.90,Creciente,11.7,17727.00
2666667.00,2000000,240,75.0,55289.00,9.90,Creciente,11.7,18660.00
2800000.00,2100000,240,75.0,58053.00,9.90,Creciente,11.7,19593.00
2933333.00,2200000,240,75.0,60818.00,9.90,Creciente,11.7,20526.00
3066667.00,2300000,240,75.0,63582.00,9.90,Creciente,11.7,21459.00
3200000.00,2400000,240,75.0,66347.00,9.90,Creciente,11.7,22392.00
3333333.00,2500000,240,75.0,69111.00,9.90,Creciente,11.7,23325.00
3466667.00,2600000,240,75.0,71876.00,9.90,Creciente,11.7,24258.00
3600000.00,2700000,240,75.0,74640.00,9.90,Creciente,11.7,25191.00
3733333.00,2800000,240,75.0,77404.00,9.90,Creciente,11.7,26124.00
3866667.00,2900000,240,75.0,80169.00,9.90,Creciente,11.7,27057.00
4000000.00,3000000,240,75.0,82933.00,9.90,Creciente,11.7,27990.00
4133333.00,3100000,240,75.0,85698.00,9.90,Creciente,11.7,28923.00
4266667.00,3200000,240,75.0,88462.00,9.90,Creciente,11.7,29856.00
4400000.00,3300000,240,75.0,91227.00,9.90,Creciente,11.7,30789.00
4533333.00,3400000,240,75.0,93991.00,9.90,Creciente,11.7,31722.00
4666667.00,3500000,240,75.0,96756.00,9.90,Creciente,11.7,32655.00
4800000.00,3600000,240,75.0,99520.00,9.90,Creciente,11.7,33588.00
4933333.00,3700000,240,75.0,102284.00,9.90,Creciente,11.7,34521.00
5066667.00,3800000,240,75.0,105049.00,9.90,Creciente,11.7,35454.00
5200000.00,3900000,240,75.0,107813.00,9.90,Creciente,11.7,36387.00
5333333.00,4000000,240,75.0,110578.00,9.90,Creciente,11.7,37320.00
5466667.00,4100000,240,75.0,113342.00,9.90,Creciente,11.7,38253.00
5600000.00,4200000,240,75.0,116107.00,9.90,Creciente,11.7,39186.00
5733333.00,4300000,240,75.0,118871.00,9.90,Creciente,11.7,40119.00
5866667.00,4400000,240,75.0,121636.00,9.90,Creciente,11.7,41052.00
6923077.00,4500000,240,65.0,125056.00,9.90,Creciente,11.8,42206.54
7076923.00,4600000,240,65.0,127835.00,9.90,Creciente,11.8,43144.46
7230769.00,4700000,240,65.0,130614.00,9.90,Creciente,11.8,44082.38
7384615.00,4800000,240,65.0,133394.00,9.90,Creciente,11.8,45020.31
7538462.00,4900000,240,65.0,136173.00,9.90,Creciente,11.8,45958.23
7692308.00,5000000,240,65.0,138952.00,9.90,Creciente,11.8,46896.15
7846154.00,5100000,240,65.0,141731.00,9.90,Creciente,11.8,47834.08
8000000.00,5200000,240,65.0,144510.00,9.90,Creciente,11.8,48772.00
8153846.00,5300000,240,65.0,147289.00,9.90,Creciente,11.8,49709.92
8307692.00,5400000,240,65.0,150068.00,9.90,Creciente,11.8,50647.85
8461538.00,5500000,240,65.0,152847.00,9.90,Creciente,11.8,51585.77
8615385.00,5600000,240,65.0,155626.00,9.90,Creciente,11.8,52523.69
8769231.00,5700000,240,65.0,158405.00,9.90,Creciente,11.8,53461.62
8923077.00,5800000,240,65.0,161184.00,9.90,Creciente,11.8,54399.54
9076923.00,5900000,240,65.0,163963.00,9.90,Creciente,11.8,55337.46
9230769.00,6000000,240,65.0,166742.00,9.90,Creciente,11.8,56275.38
9384615.00,6100000,240,65.0,169521.00,9.90,Creciente,11.8,57213.31
9538462.00,6200000,240,65.0,172300.00,9.90,Creciente,11.8,58151.23
9692308.00,6300000,240,65.0,175079.00,9.90,Creciente,11.8,59089.15
9846154.00,6400000,240,65.0,177858.00,9.90,Creciente,11.8,60027.08
10000000.00,6500000,240,65.0,180637.00,9.90,Creciente,11.8,60965.00
10153846.00,6600000,240,65.0,183416.00,9.90,Creciente,11.8,61902.92
10307692.00,6700000,240,65.0,186195.00,9.90,Creciente,11.8,62840.85
10461538.00,6800000,240,65.0,188974.00,9.90,Creciente,11.8,63778.77
10615385.00,6900000,240,65.0,191753.00,9.90,Creciente,11.8,64716.69
10769231.00,7000000,240,65.0,194532.00,9.90,Creciente,11.8,65654.62
10923077.00,7100000,240,65.0,197311.00,9.90,Creciente,11.8,66592.54
11076923.00,7200000,240,65.0,200090.00,9.90,Creciente,11.8,67530.46
11230769.00,7300000,240,65.0,202869.00,9.90,Creciente,11.8,68468.38
11384615.00,7400000,240,65.0,205648.00,9.90,Creciente,11.8,69406.31
11538462.00,7500000,240,65.0,208427.00,9.90,Creciente,11.8,70344.23
11692308.00,7600000,240,65.0,211206.00,9.90,Creciente,11.8,71282.15
11846154.00,7700000,240,65.0,213985.00,9.90,Creciente,11.8,72220.08
12000000.00,7800000,240,65.0,216764.00,9.90,Creciente,11.8,73158.00
12153846.00,7900000,240,65.0,219543.00,9.90,Creciente,11.8,74095.92
12307692.00,8000000,240,65.0,222323.00,9.90,Creciente,11.8,75033.85
12461538.00,8100000,240,65.0,225102.00,9.90,Creciente,11.8,75971.77
12615385.00,8200000,240,65.0,227881.00,9.90,Creciente,11.8,76909.69
12769231.00,8300000,240,65.0,230660.00,9.90,Creciente,11.8,77847.62
12923077.00,8400000,240,65.0,233439.00,9.90,Creciente,11.8,78785.54
13076923.00,8500000,240,65.0,236218.00,9.90,Creciente,11.8,79723.46
13230769.00,8600000,240,65.0,238997.00,9.90,Creciente,11.8,80661.38
13384615.00,8700000,240,65.0,241776.00,9.90,Creciente,11.8,81599.31
13538462.00,8800000,240,65.0,244555.00,9.90,Creciente,11.8,82537.23
13692308.00,8900000,240,65.0,247334.00,9.90,Creciente,11.8,83475.15
13846154.00,9000000,240,65.0,250113.00,9.90,Creciente,11.8,84413.08
14000000.00,9100000,240,65.0,252892.00,9.90,Creciente,11.8,85351.00
14153846.00,9200000,240,65.0,255671.00,9.90,Creciente,11.8,86288.92
14307692.00,9300000,240,65.0,258450.00,9.90,Creciente,11.8,87226.85
14461538.00,9400000,240,65.0,261229.00,9.90,Creciente,11.8,88164.77
14615385.00,9500000,240,65.0,264008.00,9.90,Creciente,11.8,89102.69
14769231.00,9600000,240,65.0,266787.00,9.90,Creciente,11.8,90040.62
14923077.00,9700000,240,65.0,269566.00,9.90,Creciente,11.8,90978.54
15076923.00,9800000,240,65.0,272345.00,9.90,Creciente,11.8,91916.46
15230769.00,9900000,240,65.0,275124.00,9.90,Creciente,11.8,92854.38
15384615.00,10000000,240,65.0,277903.00,9.90,Creciente,11.8,93792.31
500000.00,300000,240,60.0,15000.00,9.90,Creciente,12.0,2823.00
615385.00,400000,240,65.0,15000.00,9.90,Creciente,11.9,3751.69
769231.00,500000,240,65.0,15000.00,9.90,Creciente,11.9,4689.62
923077.00,600000,240,65.0,16674.00,9.90,Creciente,11.8,5627.54
1076923.00,700000,240,65.0,19453.00,9.90,Creciente,11.9,6565.46
1230769.00,800000,240,65.0,22232.00,9.90,Creciente,11.8,7503.38
1384615.00,900000,240,65.0,25011.00,9.90,Creciente,11.8,8441.31
1538462.00,1000000,240,65.0,27790.00,9.90,Creciente,11.8,9379.23
1692308.00,1100000,240,65.0,30569.00,9.90,Creciente,11.8,10317.15
1846154.00,1200000,240,65.0,33348.00,9.90,Creciente,11.8,11255.08
2000000.00,1300000,240,65.0,36127.00,9.90,Creciente,11.8,12193.00
2153846.00,1400000,240,65.0,38906.00,9.90,Creciente,11.8,13130.92
2307692.00,1500000,240,65.0,41685.00,9.90,Creciente,11.8,14068.85
2461538.00,1600000,240,65.0,44465.00,9.90,Creciente,11.8,15006.77
2615385.00,1700000,240,65.0,47244.00,9.90,Creciente,11.8,15944.69
2769231.00,1800000,240,65.0,50023.00,9.90,Creciente,11.8,16882.62
2923077.00,1900000,240,65.0,52802.00,9.90,Creciente,11.8,17820.54
3076923.00,2000000,240,65.0,55581.00,9.90,Creciente,11.8,18758.46
3230769.00,2100000,240,65.0,58360.00,9.90,Creciente,11.8,19696.38
3384615.00,2200000,240,65.0,61139.00,9.90,Creciente,11.8,20634.31
3538462.00,2300000,240,65.0,63918.00,9.90,Creciente,11.8,21572.23
3692308.00,2400000,240,65.0,66697.00,9.90,Creciente,11.8,22510.15
3846154.00,2500000,240,65.0,69476.00,9.90,Creciente,11.8,23448.08
4000000.00,2600000,240,65.0,72255.00,9.90,Creciente,11.8,24386.00
4153846.00,2700000,240,65.0,75034.00,9.90,Creciente,11.8,25323.92
4307692.00,2800000,240,65.0,77813.00,9.90,Creciente,11.8,26261.85
4461538.00,2900000,240,65.0,80592.00,9.90,Creciente,11.8,27199.77
4615385.00,3000000,240,65.0,83371.00,9.90,Creciente,11.8,28137.69
4769231.00,3100000,240,65.0,86150.00,9.90,Creciente,11.8,29075.62
4923077.00,3200000,240,65.0,88929.00,9.90,Creciente,11.8,30013.54
5076923.00,3300000,240,65.0,91708.00,9.90,Creciente,11.8,30951.46
5230769.00,3400000,240,65.0,94487.00,9.90,Creciente,11.8,31889.38
5384615.00,3500000,240,65.0,97266.00,9.90,Creciente,11.8,32827.31
5538462.00,3600000,240,65.0,100045.00,9.90,Creciente,11.8,33765.23
5692308.00,3700000,240,65.0,102824.00,9.90,Creciente,11.8,34703.15
5846154.00,3800000,240,65.0,105603.00,9.90,Creciente,11.8,35641.08
6000000.00,3900000,240,65.0,108382.00,9.90,Creciente,11.8,36579.00
6153846.00,4000000,240,65.0,111161.00,9.90,Creciente,11.8,37516.92
6307692.00,4100000,240,65.0,113940.00,9.90,Creciente,11.8,38454.85
6461538.00,4200000,240,65.0,116719.00,9.90,Creciente,11.8,39392.77
6615385.00,4300000,240,65.0,119498.00,9.90,Creciente,11.8,40330.69
6769231.00,4400000,240,65.0,122277.00,9.90,Creciente,11.8,41268.62
6923077.00,4500000,240,65.0,125056.00,9.90,Creciente,11.8,42206.54
7076923.00,4600000,240,65.0,127835.00,9.90,Creciente,11.8,43144.46
7230769.00,4700000,240,65.0,130614.00,9.90,Creciente,11.8,44082.38
7384615.00,4800000,240,65.0,133394.00,9.90,Creciente,11.8,45020.31
7538462.00,4900000,240,65.0,136173.00,9.90,Creciente,11.8,45958.23
7692308.00,5000000,240,65.0,138952.00,9.90,Creciente,11.8,46896.15
7846154.00,5100000,240,65.0,141731.00,9.90,Creciente,11.8,47834.08
8000000.00,5200000,240,65.0,144510.00,9.90,Creciente,11.8,48772.00
8153846.00,5300000,240,65.0,147289.00,9.90,Creciente,11.8,49709.92
8307692.00,5400000,240,65.0,150068.00,9.90,Creciente,11.8,50647.85
8461538.00,5500000,240,65.0,152847.00,9.90,Creciente,11.8,51585.77
8615385.00,5600000,240,65.0,155626.00,9.90,Creciente,11.8,52523.69
8769231.00,5700000,240,65.0,158405.00,9.90,Creciente,11.8,53461.62
8923077.00,5800000,240,65.0,161184.00,9.90,Creciente,11.8,54399.54
9076923.00,5900000,240,65.0,163963.00,9.90,Creciente,11.8,55337.46
9230769.00,6000000,240,65.0,166742.00,9.90,Creciente,11.8,56275.38
9384615.00,6100000,240,65.0,169521.00,9.90,Creciente,11.8,57213.31
9538462.00,6200000,240,65.0,172300.00,9.90,Creciente,11.8,58151.23
9692308.00,6300000,240,65.0,175079.00,9.90,Creciente,11.8,59089.15
9846154.00,6400000,240,65.0,177858.00,9.90,Creciente,11.8,60027.08
10000000.00,6500000,240,65.0,180637.00,9.90,Creciente,11.8,60965.00
10153846.00,6600000,240,65.0,183416.00,9.90,Creciente,11.8,61902.92
10307692.00,6700000,240,65.0,186195.00,9.90,Creciente,11.8,62840.85
10461538.00,6800000,240,65.0,188974.00,9.90,Creciente,11.8,63778.77
10615385.00,6900000,240,65.0,191753.00,9.90,Creciente,11.8,64716.69
10769231.00,7000000,240,65.0,194532.00,9.90,Creciente,11.8,65654.62
10923077.00,7100000,240,65.0,197311.00,9.90,Creciente,11.8,66592.54
11076923.00,7200000,240,65.0,200090.00,9.90,Creciente,11.8,67530.46
11230769.00,7300000,240,65.0,202869.00,9.90,Creciente,11.8,68468.38
11384615.00,7400000,240,65.0,205648.00,9.90,Creciente,11.8,69406.31
11538462.00,7500000,240,65.0,208427.00,9.90,Creciente,11.8,70344.23
11692308.00,7600000,240,65.0,211206.00,9.90,Creciente,11.8,71282.15
11846154.00,7700000,240,65.0,213985.00,9.90,Creciente,11.8,72220.08
12000000.00,7800000,240,65.0,216764.00,9.90,Creciente,11.8,73158.00
12153846.00,7900000,240,65.0,219543.00,9.90,Creciente,11.8,74095.92
12307692.00,8000000,240,65.0,222323.00,9.90,Creciente,11.8,75033.85
12461538.00,8100000,240,65.0,225102.00,9.90,Creciente,11.8,75971.77
12615385.00,8200000,240,65.0,227881.00,9.90,Creciente,11.8,76909.69
12769231.00,8300000,240,65.0,230660.00,9.90,Creciente,11.8,77847.62
12923077.00,8400000,240,65.0,233439.00,9.90,Creciente,11.8,78785.54
13076923.00,8500000,240,65.0,236218.00,9.90,Creciente,11.8,79723.46
13230769.00,8600000,240,65.0,238997.00,9.90,Creciente,11.8,80661.38
13384615.00,8700000,240,65.0,241776.00,9.90,Creciente,11.8,81599.31
13538462.00,8800000,240,65.0,244555.00,9.90,Creciente,11.8,82537.23
13692308.00,8900000,240,65.0,247334.00,9.90,Creciente,11.8,83475.15
13846154.00,9000000,240,65.0,250113.00,9.90,Creciente,11.8,84413.08
14000000.00,9100000,240,65.0,252892.00,9.90,Creciente,11.8,85351.00
14153846.00,9200000,240,65.0,255671.00,9.90,Creciente,11.8,86288.92
14307692.00,9300000,240,65.0,258450.00,9.90,Creciente,11.8,87226.85
14461538.00,9400000,240,65.0,261229.00,9.90,Creciente,11.8,88164.77
14615385.00,9500000,240,65.0,264008.00,9.90,Creciente,11.8,89102.69
14769231.00,9600000,240,65.0,266787.00,9.90,Creciente,11.8,90040.62
14923077.00,9700000,240,65.0,269566.00,9.90,Creciente,11.8,90978.54
15076923.00,9800000,240,65.0,272345.00,9.90,Creciente,11.8,91916.46
15230769.00,9900000,240,65.0,275124.00,9.90,Creciente,11.8,92854.38
15384615.00,10000000,240,65.0,277903.00,9.90,Creciente,11.8,93792.31
