subprod_id,prod_id,valor_vivienda,aforo,plazo,ingresos_requeridos,tasa_interes,tipo_tasa_id,cat,cat_incluye_iva,monto_pago,avaluo,comision_por_apertura,gastos_notariales,desembolso_inicial
1,13,400000,95.0,84,13224.0,11.2,0,13.6,0,6612.0,1800.0,4750.0,8000.0,34550.0
2,13,500000,95.0,84,16530.0,11.2,0,13.6,0,8265.0,1800.0,5937.5,10000.0,42737.5
3,13,600000,95.0,84,19836.0,11.2,0,13.6,0,9918.0,2500.0,7125.0,12000.0,51625.0
4,13,700000,95.0,84,23142.0,11.2,0,13.6,0,11571.0,2500.0,8312.5,14000.0,59812.5
5,13,800000,95.0,84,26448.0,11.2,0,13.6,0,13224.0,2500.0,9500.0,16000.0,68000.0
6,13,900000,95.0,84,29754.0,11.2,0,13.6,0,14877.0,2500.0,10687.5,18000.0,76187.5
7,13,1000000,95.0,84,33060.0,11.2,0,13.6,0,16530.0,2500.0,11875.0,20000.0,84375.0
8,13,1100000,95.0,84,36366.0,11.2,0,13.6,0,18183.0,4000.0,13062.5,22000.0,94062.5
9,13,1200000,95.0,84,39672.0,11.2,0,13.6,0,19836.0,4000.0,14250.0,24000.0,102250.0
10,13,1300000,95.0,84,42978.0,11.2,0,13.6,0,21489.0,4000.0,15437.5,26000.0,110437.5
11,13,1400000,95.0,84,46284.0,11.2,0,13.6,0,23142.0,4000.0,16625.0,28000.0,118625.0
12,13,1500000,95.0,84,49590.0,11.2,0,13.6,0,24795.0,4000.0,17812.5,30000.0,126812.5
13,13,1600000,95.0,84,52896.0,11.2,0,13.6,0,26448.0,4000.0,19000.0,32000.0,135000.0
14,13,1700000,95.0,84,56202.0,11.2,0,13.6,0,28101.0,4000.0,20187.5,34000.0,143187.5
15,13,1800000,95.0,84,59508.0,11.2,0,13.6,0,29754.0,4000.0,21375.0,36000.0,151375.0
16,13,1900000,95.0,84,62814.0,11.2,0,13.5,0,31407.0,4000.0,22562.5,38000.0,159562.5
17,13,2000000,95.0,84,66120.0,11.2,0,13.5,0,33060.0,4000.0,23750.0,40000.0,167750.0
18,13,2500000,95.0,84,82650.0,11.2,0,13.6,0,41325.0,6700.0,29687.5,50000.0,211387.5
19,13,3000000,95.0,84,99180.0,11.2,0,13.6,0,49590.0,6700.0,35625.0,60000.0,252325.0
20,13,3500000,95.0,84,115710.0,11.2,0,13.6,0,57855.0,9600.0,41562.5,70000.0,296162.5
21,13,4000000,95.0,84,132240.0,11.2,0,13.6,0,66120.0,9600.0,47500.0,80000.0,337100.0
22,13,4500000,95.0,84,148770.0,11.2,0,13.6,0,74385.0,12300.0,53437.5,90000.0,380737.5
23,13,5000000,95.0,84,165300.0,11.2,0,13.6,0,82650.0,12300.0,59375.0,100000.0,421675.0
24,13,5500000,95.0,84,181830.0,11.2,0,13.6,0,90915.0,17200.0,65312.5,110000.0,467512.5
25,13,6000000,95.0,84,198360.0,11.2,0,13.6,0,99180.0,17200.0,71250.0,120000.0,508450.0
26,13,6500000,95.0,84,214890.0,11.2,0,13.6,0,107445.0,17200.0,77187.5,130000.0,549387.5
27,13,7000000,95.0,84,231420.0,11.2,0,13.6,0,115710.0,17200.0,83125.0,140000.0,590325.0
28,13,7500000,95.0,84,247950.0,11.2,0,13.6,0,123975.0,17200.0,89062.5,150000.0,631262.5
29,13,8000000,95.0,84,264480.0,11.2,0,13.5,0,132240.0,17200.0,95000.0,160000.0,672200.0
30,13,8500000,95.0,84,281010.0,11.2,0,13.6,0,140505.0,19800.0,100937.5,170000.0,715737.5
31,13,9000000,95.0,84,297540.0,11.2,0,13.6,0,148770.0,19800.0,106875.0,180000.0,756675.0
32,13,9500000,95.0,84,314070.0,11.2,0,13.5,0,157035.0,19800.0,112812.5,190000.0,797612.5
33,13,10000000,95.0,84,330600.0,11.2,0,13.5,0,165300.0,19800.0,118750.0,200000.0,838550.0
34,13,400000,95.0,120,10716.0,11.3,0,13.5,0,5358.0,1800.0,4750.0,8000.0,34550.0
35,13,500000,95.0,120,13395.0,11.3,0,13.4,0,6697.5,1800.0,5937.5,10000.0,42737.5
36,13,600000,95.0,120,16074.0,11.3,0,13.4,0,8037.0,2500.0,7125.0,12000.0,51625.0
37,13,700000,95.0,120,18753.0,11.3,0,13.4,0,9376.5,2500.0,8312.5,14000.0,59812.5
38,13,800000,95.0,120,21432.0,11.3,0,13.4,0,10716.0,2500.0,9500.0,16000.0,68000.0
39,13,900000,95.0,120,24111.0,11.3,0,13.4,0,12055.5,2500.0,10687.5,18000.0,76187.5
40,13,1000000,95.0,120,26790.0,11.3,0,13.4,0,13395.0,2500.0,11875.0,20000.0,84375.0
41,13,1100000,95.0,120,29469.0,11.3,0,13.4,0,14734.5,4000.0,13062.5,22000.0,94062.5
42,13,1200000,95.0,120,32148.0,11.3,0,13.4,0,16074.0,4000.0,14250.0,24000.0,102250.0
43,13,1300000,95.0,120,34827.0,11.3,0,13.4,0,17413.5,4000.0,15437.5,26000.0,110437.5
44,13,1400000,95.0,120,37506.0,11.3,0,13.4,0,18753.0,4000.0,16625.0,28000.0,118625.0
45,13,1500000,95.0,120,40185.0,11.3,0,13.4,0,20092.5,4000.0,17812.5,30000.0,126812.5
46,13,1600000,95.0,120,42864.0,11.3,0,13.4,0,21432.0,4000.0,19000.0,32000.0,135000.0
47,13,1700000,95.0,120,45543.0,11.3,0,13.4,0,22771.5,4000.0,20187.5,34000.0,143187.5
48,13,1800000,95.0,120,48222.0,11.3,0,13.4,0,24111.0,4000.0,21375.0,36000.0,151375.0
49,13,1900000,95.0,120,50901.0,11.3,0,13.4,0,25450.5,4000.0,22562.5,38000.0,159562.5
50,13,2000000,95.0,120,53580.0,11.3,0,13.4,0,26790.0,4000.0,23750.0,40000.0,167750.0
51,13,2500000,95.0,120,66975.0,11.3,0,13.4,0,33487.5,6700.0,29687.5,50000.0,211387.5
52,13,3000000,95.0,120,80370.0,11.3,0,13.4,0,40185.0,6700.0,35625.0,60000.0,252325.0
53,13,3500000,95.0,120,93765.0,11.3,0,13.4,0,46882.5,9600.0,41562.5,70000.0,296162.5
54,13,4000000,95.0,120,107160.0,11.3,0,13.4,0,53580.0,9600.0,47500.0,80000.0,337100.0
55,13,4500000,95.0,120,120555.0,11.3,0,13.4,0,60277.5,12300.0,53437.5,90000.0,380737.5
56,13,5000000,95.0,120,133950.0,11.3,0,13.4,0,66975.0,12300.0,59375.0,100000.0,421675.0
57,13,5500000,95.0,120,147345.0,11.3,0,13.4,0,73672.5,17200.0,65312.5,110000.0,467512.5
58,13,6000000,95.0,120,160740.0,11.3,0,13.4,0,80370.0,17200.0,71250.0,120000.0,508450.0
59,13,6500000,95.0,120,174135.0,11.3,0,13.4,0,87067.5,17200.0,77187.5,130000.0,549387.5
60,13,7000000,95.0,120,187530.0,11.3,0,13.4,0,93765.0,17200.0,83125.0,140000.0,590325.0
61,13,7500000,95.0,120,200925.0,11.3,0,13.4,0,100462.5,17200.0,89062.5,150000.0,631262.5
62,13,8000000,95.0,120,214320.0,11.3,0,13.4,0,107160.0,17200.0,95000.0,160000.0,672200.0
63,13,8500000,95.0,120,227715.0,11.3,0,13.4,0,113857.5,19800.0,100937.5,170000.0,715737.5
64,13,9000000,95.0,120,241110.0,11.3,0,13.4,0,120555.0,19800.0,106875.0,180000.0,756675.0
65,13,9500000,95.0,120,254505.0,11.3,0,13.4,0,127252.5,19800.0,112812.5,190000.0,797612.5
66,13,10000000,95.0,120,267900.0,11.3,0,13.4,0,133950.0,19800.0,118750.0,200000.0,838550.0
67,13,400000,95.0,180,10000.0,11.5,0,13.4,0,4484.0,1800.0,4750.0,8000.0,34550.0
68,13,500000,95.0,180,11210.0,11.5,0,13.4,0,5605.0,1800.0,5937.5,10000.0,42737.5
69,13,600000,95.0,180,13452.0,11.5,0,13.4,0,6726.0,2500.0,7125.0,12000.0,51625.0
70,13,700000,95.0,180,15694.0,11.5,0,13.4,0,7847.0,2500.0,8312.5,14000.0,59812.5
71,13,800000,95.0,180,17936.0,11.5,0,13.4,0,8968.0,2500.0,9500.0,16000.0,68000.0
72,13,900000,95.0,180,20178.0,11.5,0,13.4,0,10089.0,2500.0,10687.5,18000.0,76187.5
73,13,1000000,95.0,180,22420.0,11.5,0,13.4,0,11210.0,2500.0,11875.0,20000.0,84375.0
74,13,1100000,95.0,180,24662.0,11.5,0,13.4,0,12331.0,4000.0,13062.5,22000.0,94062.5
75,13,1200000,95.0,180,26904.0,11.5,0,13.4,0,13452.0,4000.0,14250.0,24000.0,102250.0
76,13,1300000,95.0,180,29146.0,11.5,0,13.4,0,14573.0,4000.0,15437.5,26000.0,110437.5
77,13,1400000,95.0,180,31388.0,11.5,0,13.4,0,15694.0,4000.0,16625.0,28000.0,118625.0
78,13,1500000,95.0,180,33630.0,11.5,0,13.4,0,16815.0,4000.0,17812.5,30000.0,126812.5
79,13,1600000,95.0,180,35872.0,11.5,0,13.4,0,17936.0,4000.0,19000.0,32000.0,135000.0
80,13,1700000,95.0,180,38114.0,11.5,0,13.4,0,19057.0,4000.0,20187.5,34000.0,143187.5
81,13,1800000,95.0,180,40356.0,11.5,0,13.4,0,20178.0,4000.0,21375.0,36000.0,151375.0
82,13,1900000,95.0,180,42598.0,11.5,0,13.4,0,21299.0,4000.0,22562.5,38000.0,159562.5
83,13,2000000,95.0,180,44840.0,11.5,0,13.4,0,22420.0,4000.0,23750.0,40000.0,167750.0
84,13,2500000,95.0,180,56050.0,11.5,0,13.4,0,28025.0,6700.0,29687.5,50000.0,211387.5
85,13,3000000,95.0,180,67260.0,11.5,0,13.4,0,33630.0,6700.0,35625.0,60000.0,252325.0
86,13,3500000,95.0,180,78470.0,11.5,0,13.4,0,39235.0,9600.0,41562.5,70000.0,296162.5
87,13,4000000,95.0,180,89680.0,11.5,0,13.4,0,44840.0,9600.0,47500.0,80000.0,337100.0
88,13,4500000,95.0,180,100890.0,11.5,0,13.4,0,50445.0,12300.0,53437.5,90000.0,380737.5
89,13,5000000,95.0,180,112100.0,11.5,0,13.4,0,56050.0,12300.0,59375.0,100000.0,421675.0
90,13,5500000,95.0,180,123310.0,11.5,0,13.4,0,61655.0,17200.0,65312.5,110000.0,467512.5
91,13,6000000,95.0,180,134520.0,11.5,0,13.4,0,67260.0,17200.0,71250.0,120000.0,508450.0
92,13,6500000,95.0,180,145730.0,11.5,0,13.4,0,72865.0,17200.0,77187.5,130000.0,549387.5
93,13,7000000,95.0,180,156940.0,11.5,0,13.4,0,78470.0,17200.0,83125.0,140000.0,590325.0
94,13,7500000,95.0,180,168150.0,11.5,0,13.4,0,84075.0,17200.0,89062.5,150000.0,631262.5
95,13,8000000,95.0,180,179360.0,11.5,0,13.4,0,89680.0,17200.0,95000.0,160000.0,672200.0
96,13,8500000,95.0,180,190570.0,11.5,0,13.4,0,95285.0,19800.0,100937.5,170000.0,715737.5
97,13,9000000,95.0,180,201780.0,11.5,0,13.4,0,100890.0,19800.0,106875.0,180000.0,756675.0
98,13,9500000,95.0,180,212990.0,11.5,0,13.4,0,106495.0,19800.0,112812.5,190000.0,797612.5
99,13,10000000,95.0,180,224200.0,11.5,0,13.4,0,112100.0,19800.0,118750.0,200000.0,838550.0
100,13,400000,95.0,240,10000.0,11.6,0,13.4,0,4126.8,1800.0,4750.0,8000.0,34550.0
101,13,500000,95.0,240,10317.0,11.6,0,13.4,0,5158.5,1800.0,5937.5,10000.0,42737.5
102,13,600000,95.0,240,12380.4,11.6,0,13.4,0,6190.2,2500.0,7125.0,12000.0,51625.0
103,13,700000,95.0,240,14443.8,11.6,0,13.4,0,7221.9,2500.0,8312.5,14000.0,59812.5
104,13,800000,95.0,240,16507.2,11.6,0,13.4,0,8253.6,2500.0,9500.0,16000.0,68000.0
105,13,900000,95.0,240,18570.6,11.6,0,13.4,0,9285.3,2500.0,10687.5,18000.0,76187.5
106,13,1000000,95.0,240,20634.0,11.6,0,13.4,0,10317.0,2500.0,11875.0,20000.0,84375.0
107,13,1100000,95.0,240,22697.4,11.6,0,13.4,0,11348.7,4000.0,13062.5,22000.0,94062.5
108,13,1200000,95.0,240,24760.8,11.6,0,13.4,0,12380.4,4000.0,14250.0,24000.0,102250.0
109,13,1300000,95.0,240,26824.2,11.6,0,13.4,0,13412.1,4000.0,15437.5,26000.0,110437.5
110,13,1400000,95.0,240,28887.6,11.6,0,13.4,0,14443.8,4000.0,16625.0,28000.0,118625.0
111,13,1500000,95.0,240,30951.0,11.6,0,13.4,0,15475.5,4000.0,17812.5,30000.0,126812.5
112,13,1600000,95.0,240,33014.4,11.6,0,13.4,0,16507.2,4000.0,19000.0,32000.0,135000.0
113,13,1700000,95.0,240,35077.8,11.6,0,13.4,0,17538.9,4000.0,20187.5,34000.0,143187.5
114,13,1800000,95.0,240,37141.2,11.6,0,13.4,0,18570.6,4000.0,21375.0,36000.0,151375.0
115,13,1900000,95.0,240,39204.6,11.6,0,13.4,0,19602.3,4000.0,22562.5,38000.0,159562.5
116,13,2000000,95.0,240,41268.0,11.6,0,13.4,0,20634.0,4000.0,23750.0,40000.0,167750.0
117,13,2500000,95.0,240,51585.0,11.6,0,13.4,0,25792.5,6700.0,29687.5,50000.0,211387.5
118,13,3000000,95.0,240,61902.0,11.6,0,13.4,0,30951.0,6700.0,35625.0,60000.0,252325.0
119,13,3500000,95.0,240,72219.0,11.6,0,13.4,0,36109.5,9600.0,41562.5,70000.0,296162.5
120,13,4000000,95.0,240,82536.0,11.6,0,13.4,0,41268.0,9600.0,47500.0,80000.0,337100.0
121,13,4500000,95.0,240,92853.0,11.6,0,13.4,0,46426.5,12300.0,53437.5,90000.0,380737.5
122,13,5000000,95.0,240,103170.0,11.6,0,13.4,0,51585.0,12300.0,59375.0,100000.0,421675.0
123,13,5500000,95.0,240,113487.0,11.6,0,13.4,0,56743.5,17200.0,65312.5,110000.0,467512.5
124,13,6000000,95.0,240,123804.0,11.6,0,13.4,0,61902.0,17200.0,71250.0,120000.0,508450.0
125,13,6500000,95.0,240,134121.0,11.6,0,13.4,0,67060.5,17200.0,77187.5,130000.0,549387.5
126,13,7000000,95.0,240,144438.0,11.6,0,13.4,0,72219.0,17200.0,83125.0,140000.0,590325.0
127,13,7500000,95.0,240,154755.0,11.6,0,13.4,0,77377.5,17200.0,89062.5,150000.0,631262.5
128,13,8000000,95.0,240,165072.0,11.6,0,13.4,0,82536.0,17200.0,95000.0,160000.0,672200.0
129,13,8500000,95.0,240,175389.0,11.6,0,13.4,0,87694.5,19800.0,100937.5,170000.0,715737.5
130,13,9000000,95.0,240,185706.0,11.6,0,13.4,0,92853.0,19800.0,106875.0,180000.0,756675.0
131,13,9500000,95.0,240,196023.0,11.6,0,13.4,0,98011.5,19800.0,112812.5,190000.0,797612.5
132,13,10000000,95.0,240,206340.0,11.6,0,13.4,0,103170.0,19800.0,118750.0,200000.0,838550.0
133,13,400000,95.0,120,10000.0,11.25,1,13.5,0,4921.0,1800.0,4750.0,8000.0,34550.0
134,13,500000,95.0,120,12302.5,11.25,1,13.5,0,6151.25,1800.0,5937.5,10000.0,42737.5
135,13,600000,95.0,120,14763.0,11.25,1,13.5,0,7381.5,2500.0,7125.0,12000.0,51625.0
136,13,700000,95.0,120,17223.5,11.25,1,13.5,0,8611.75,2500.0,8312.5,14000.0,59812.5
137,13,800000,95.0,120,19684.0,11.25,1,13.5,0,9842.0,2500.0,9500.0,16000.0,68000.0
138,13,900000,95.0,120,22144.5,11.25,1,13.5,0,11072.25,2500.0,10687.5,18000.0,76187.5
139,13,1000000,95.0,120,24605.0,11.25,1,13.5,0,12302.5,2500.0,11875.0,20000.0,84375.0
140,13,1100000,95.0,120,27065.5,11.25,1,13.5,0,13532.75,4000.0,13062.5,22000.0,94062.5
141,13,1200000,95.0,120,29526.0,11.25,1,13.5,0,14763.0,4000.0,14250.0,24000.0,102250.0
142,13,1300000,95.0,120,31986.5,11.25,1,13.5,0,15993.25,4000.0,15437.5,26000.0,110437.5
143,13,1400000,95.0,120,34447.0,11.25,1,13.5,0,17223.5,4000.0,16625.0,28000.0,118625.0
144,13,1500000,95.0,120,36907.5,11.25,1,13.5,0,18453.75,4000.0,17812.5,30000.0,126812.5
145,13,1600000,95.0,120,39368.0,11.25,1,13.5,0,19684.0,4000.0,19000.0,32000.0,135000.0
146,13,1700000,95.0,120,41828.5,11.25,1,13.5,0,20914.25,4000.0,20187.5,34000.0,143187.5
147,13,1800000,95.0,120,44289.0,11.25,1,13.5,0,22144.5,4000.0,21375.0,36000.0,151375.0
148,13,1900000,95.0,120,46749.5,11.25,1,13.5,0,23374.75,4000.0,22562.5,38000.0,159562.5
149,13,2000000,95.0,120,49210.0,11.25,1,13.5,0,24605.0,4000.0,23750.0,40000.0,167750.0
150,13,2500000,95.0,120,61512.5,11.25,1,13.5,0,30756.25,6700.0,29687.5,50000.0,211387.5
151,13,3000000,95.0,120,73815.0,11.25,1,13.5,0,36907.5,6700.0,35625.0,60000.0,252325.0
152,13,3500000,95.0,120,86117.5,11.25,1,13.5,0,43058.75,9600.0,41562.5,70000.0,296162.5
153,13,4000000,95.0,120,98420.0,11.25,1,13.5,0,49210.0,9600.0,47500.0,80000.0,337100.0
154,13,4500000,95.0,120,110722.5,11.25,1,13.5,0,55361.25,12300.0,53437.5,90000.0,380737.5
155,13,5000000,95.0,120,123025.0,11.25,1,13.5,0,61512.5,12300.0,59375.0,100000.0,421675.0
156,13,5500000,95.0,120,135327.5,11.25,1,13.5,0,67663.75,17200.0,65312.5,110000.0,467512.5
157,13,6000000,95.0,120,147630.0,11.25,1,13.5,0,73815.0,17200.0,71250.0,120000.0,508450.0
158,13,6500000,95.0,120,159932.5,11.25,1,13.5,0,79966.25,17200.0,77187.5,130000.0,549387.5
159,13,7000000,95.0,120,172235.0,11.25,1,13.5,0,86117.5,17200.0,83125.0,140000.0,590325.0
160,13,7500000,95.0,120,184537.5,11.25,1,13.5,0,92268.75,17200.0,89062.5,150000.0,631262.5
161,13,8000000,95.0,120,196840.0,11.25,1,13.5,0,98420.0,17200.0,95000.0,160000.0,672200.0
162,13,8500000,95.0,120,209142.5,11.25,1,13.5,0,104571.25,19800.0,100937.5,170000.0,715737.5
163,13,9000000,95.0,120,221445.0,11.25,1,13.5,0,110722.5,19800.0,106875.0,180000.0,756675.0
164,13,9500000,95.0,120,233747.5,11.25,1,13.5,0,116873.75,19800.0,112812.5,190000.0,797612.5
165,13,10000000,95.0,120,246050.0,11.25,1,13.5,0,123025.0,19800.0,118750.0,200000.0,838550.0
166,13,400000,95.0,180,10000.0,11.25,1,13.3,0,3990.0,1800.0,4750.0,8000.0,34550.0
167,13,500000,95.0,180,10000.0,11.25,1,13.2,0,4987.5,1800.0,5937.5,10000.0,42737.5
168,13,600000,95.0,180,11970.0,11.25,1,13.2,0,5985.0,2500.0,7125.0,12000.0,51625.0
169,13,700000,95.0,180,13965.0,11.25,1,13.2,0,6982.5,2500.0,8312.5,14000.0,59812.5
170,13,800000,95.0,180,15960.0,11.25,1,13.2,0,7980.0,2500.0,9500.0,16000.0,68000.0
171,13,900000,95.0,180,17955.0,11.25,1,13.2,0,8977.5,2500.0,10687.5,18000.0,76187.5
172,13,1000000,95.0,180,19950.0,11.25,1,13.2,0,9975.0,2500.0,11875.0,20000.0,84375.0
173,13,1100000,95.0,180,21945.0,11.25,1,13.2,0,10972.5,4000.0,13062.5,22000.0,94062.5
174,13,1200000,95.0,180,23940.0,11.25,1,13.2,0,11970.0,4000.0,14250.0,24000.0,102250.0
175,13,1300000,95.0,180,25935.0,11.25,1,13.2,0,12967.5,4000.0,15437.5,26000.0,110437.5
176,13,1400000,95.0,180,27930.0,11.25,1,13.2,0,13965.0,4000.0,16625.0,28000.0,118625.0
177,13,1500000,95.0,180,29925.0,11.25,1,13.2,0,14962.5,4000.0,17812.5,30000.0,126812.5
178,13,1600000,95.0,180,31920.0,11.25,1,13.2,0,15960.0,4000.0,19000.0,32000.0,135000.0
179,13,1700000,95.0,180,33915.0,11.25,1,13.2,0,16957.5,4000.0,20187.5,34000.0,143187.5
180,13,1800000,95.0,180,35910.0,11.25,1,13.2,0,17955.0,4000.0,21375.0,36000.0,151375.0
181,13,1900000,95.0,180,37905.0,11.25,1,13.2,0,18952.5,4000.0,22562.5,38000.0,159562.5
182,13,2000000,95.0,180,39900.0,11.25,1,13.2,0,19950.0,4000.0,23750.0,40000.0,167750.0
183,13,2500000,95.0,180,49875.0,11.25,1,13.2,0,24937.5,6700.0,29687.5,50000.0,211387.5
184,13,3000000,95.0,180,59850.0,11.25,1,13.2,0,29925.0,6700.0,35625.0,60000.0,252325.0
185,13,3500000,95.0,180,69825.0,11.25,1,13.2,0,34912.5,9600.0,41562.5,70000.0,296162.5
186,13,4000000,95.0,180,79800.0,11.25,1,13.2,0,39900.0,9600.0,47500.0,80000.0,337100.0
187,13,4500000,95.0,180,89775.0,11.25,1,13.2,0,44887.5,12300.0,53437.5,90000.0,380737.5
188,13,5000000,95.0,180,99750.0,11.25,1,13.2,0,49875.0,12300.0,59375.0,100000.0,421675.0
189,13,5500000,95.0,180,109725.0,11.25,1,13.2,0,54862.5,17200.0,65312.5,110000.0,467512.5
190,13,6000000,95.0,180,119700.0,11.25,1,13.2,0,59850.0,17200.0,71250.0,120000.0,508450.0
191,13,6500000,95.0,180,129675.0,11.25,1,13.2,0,64837.5,17200.0,77187.5,130000.0,549387.5
192,13,7000000,95.0,180,139650.0,11.25,1,13.2,0,69825.0,17200.0,83125.0,140000.0,590325.0
193,13,7500000,95.0,180,149625.0,11.25,1,13.2,0,74812.5,17200.0,89062.5,150000.0,631262.5
194,13,8000000,95.0,180,159600.0,11.25,1,13.2,0,79800.0,17200.0,95000.0,160000.0,672200.0
195,13,8500000,95.0,180,169575.0,11.25,1,13.2,0,84787.5,19800.0,100937.5,170000.0,715737.5
196,13,9000000,95.0,180,179550.0,11.25,1,13.2,0,89775.0,19800.0,106875.0,180000.0,756675.0
197,13,9500000,95.0,180,189525.0,11.25,1,13.2,0,94762.5,19800.0,112812.5,190000.0,797612.5
198,13,10000000,95.0,180,199500.0,11.25,1,13.2,0,99750.0,19800.0,118750.0,200000.0,838550.0
199,13,400000,95.0,240,10000.0,11.25,1,13.2,0,3686.0,1800.0,4750.0,8000.0,34550.0
200,13,500000,95.0,240,10000.0,11.25,1,13.1,0,4607.5,1800.0,5937.5,10000.0,42737.5
201,13,600000,95.0,240,11058.0,11.25,1,13.2,0,5529.0,2500.0,7125.0,12000.0,51625.0
202,13,700000,95.0,240,12901.0,11.25,1,13.1,0,6450.5,2500.0,8312.5,14000.0,59812.5
203,13,800000,95.0,240,14744.0,11.25,1,13.1,0,7372.0,2500.0,9500.0,16000.0,68000.0
204,13,900000,95.0,240,16587.0,11.25,1,13.1,0,8293.5,2500.0,10687.5,18000.0,76187.5
205,13,1000000,95.0,240,18430.0,11.25,1,13.1,0,9215.0,2500.0,11875.0,20000.0,84375.0
206,13,1100000,95.0,240,20273.0,11.25,1,13.1,0,10136.5,4000.0,13062.5,22000.0,94062.5
207,13,1200000,95.0,240,22116.0,11.25,1,13.1,0,11058.0,4000.0,14250.0,24000.0,102250.0
208,13,1300000,95.0,240,23959.0,11.25,1,13.1,0,11979.5,4000.0,15437.5,26000.0,110437.5
209,13,1400000,95.0,240,25802.0,11.25,1,13.1,0,12901.0,4000.0,16625.0,28000.0,118625.0
210,13,1500000,95.0,240,27645.0,11.25,1,13.1,0,13822.5,4000.0,17812.5,30000.0,126812.5
211,13,1600000,95.0,240,29488.0,11.25,1,13.1,0,14744.0,4000.0,19000.0,32000.0,135000.0
212,13,1700000,95.0,240,31331.0,11.25,1,13.1,0,15665.5,4000.0,20187.5,34000.0,143187.5
213,13,1800000,95.0,240,33174.0,11.25,1,13.1,0,16587.0,4000.0,21375.0,36000.0,151375.0
214,13,1900000,95.0,240,35017.0,11.25,1,13.1,0,17508.5,4000.0,22562.5,38000.0,159562.5
215,13,2000000,95.0,240,36860.0,11.25,1,13.1,0,18430.0,4000.0,23750.0,40000.0,167750.0
216,13,2500000,95.0,240,46075.0,11.25,1,13.1,0,23037.5,6700.0,29687.5,50000.0,211387.5
217,13,3000000,95.0,240,55290.0,11.25,1,13.1,0,27645.0,6700.0,35625.0,60000.0,252325.0
218,13,3500000,95.0,240,64505.0,11.25,1,13.1,0,32252.5,9600.0,41562.5,70000.0,296162.5
219,13,4000000,95.0,240,73720.0,11.25,1,13.1,0,36860.0,9600.0,47500.0,80000.0,337100.0
220,13,4500000,95.0,240,82935.0,11.25,1,13.1,0,41467.5,12300.0,53437.5,90000.0,380737.5
221,13,5000000,95.0,240,92150.0,11.25,1,13.1,0,46075.0,12300.0,59375.0,100000.0,421675.0
222,13,5500000,95.0,240,101365.0,11.25,1,13.1,0,50682.5,17200.0,65312.5,110000.0,467512.5
223,13,6000000,95.0,240,110580.0,11.25,1,13.1,0,55290.0,17200.0,71250.0,120000.0,508450.0
224,13,6500000,95.0,240,119795.0,11.25,1,13.1,0,59897.5,17200.0,77187.5,130000.0,549387.5
225,13,7000000,95.0,240,129010.0,11.25,1,13.1,0,64505.0,17200.0,83125.0,140000.0,590325.0
226,13,7500000,95.0,240,138225.0,11.25,1,13.1,0,69112.5,17200.0,89062.5,150000.0,631262.5
227,13,8000000,95.0,240,147440.0,11.25,1,13.1,0,73720.0,17200.0,95000.0,160000.0,672200.0
228,13,8500000,95.0,240,156655.0,11.25,1,13.1,0,78327.5,19800.0,100937.5,170000.0,715737.5
229,13,9000000,95.0,240,165870.0,11.25,1,13.1,0,82935.0,19800.0,106875.0,180000.0,756675.0
230,13,9500000,95.0,240,175085.0,11.25,1,13.1,0,87542.5,19800.0,112812.5,190000.0,797612.5
231,13,10000000,95.0,240,184300.0,11.25,1,13.1,0,92150.0,19800.0,118750.0,200000.0,838550.0
232,19,400000,82.0,60,11544.0,9.75,0,14.0,0,7504.0,1914.0,100.0,2800.0,102914.0
233,19,500000,87.0,60,15121.0,9.75,0,13.5,0,9829.0,1914.0,200.0,3500.0,103914.0
234,19,600000,90.0,60,18633.0,9.75,0,13.3,0,12111.0,3074.0,300.0,4200.0,108074.0
235,19,700000,90.0,60,21649.0,9.75,0,13.1,0,14072.0,3074.0,400.0,4900.0,126074.0
236,19,800000,90.0,60,24665.0,9.75,0,13.0,0,16032.0,3074.0,500.0,5600.0,144074.0
237,19,900000,90.0,60,27681.0,9.75,0,12.9,0,17993.0,3074.0,600.0,6300.0,162074.0
238,19,1000000,90.0,60,30697.0,9.75,0,12.8,0,19953.0,3074.0,700.0,7000.0,180074.0
239,19,1500000,90.0,60,45778.0,9.75,0,12.7,0,29756.0,5626.0,1200.0,10500.0,272626.0
240,19,2000000,90.0,60,60859.0,9.75,0,12.5,0,39559.0,5626.0,1700.0,14000.0,362626.0
241,19,2500000,90.0,60,75940.0,9.75,0,12.5,0,49361.0,8874.0,2200.0,17500.0,455874.0
242,19,3000000,90.0,60,91021.0,9.75,0,12.4,0,59164.0,8874.0,2700.0,21000.0,545874.0
243,19,3500000,90.0,60,106102.0,9.75,0,12.4,0,68966.0,12180.0,3150.0,24500.0,638680.0
244,19,4000000,90.0,60,121183.0,9.75,0,12.4,0,78769.0,12180.0,3600.0,28000.0,728180.0
245,19,4500000,90.0,60,136264.0,9.75,0,12.4,0,88572.0,14790.0,4050.0,31500.0,820290.0
246,19,5000000,90.0,60,151345.0,9.75,0,12.3,0,98374.0,14790.0,4500.0,35000.0,909790.0
247,19,5500000,90.0,60,166426.0,9.75,0,12.4,0,108177.0,20300.0,4950.0,38500.0,1004800.0
248,19,6000000,90.0,60,181507.0,9.75,0,12.3,0,117980.0,20300.0,5400.0,42000.0,1094300.0
249,19,6500000,90.0,60,196588.0,9.75,0,12.3,0,127782.0,20300.0,5850.0,45500.0,1183800.0
250,19,7000000,90.0,60,211669.0,9.75,0,12.3,0,137585.0,20300.0,6300.0,49000.0,1273300.0
251,19,7500000,90.0,60,226750.0,9.75,0,12.3,0,147388.0,22040.0,6750.0,52500.0,1364540.0
252,19,8000000,90.0,60,241831.0,9.75,0,12.3,0,157190.0,22040.0,7200.0,56000.0,1454040.0
253,19,8500000,90.0,60,256912.0,9.75,0,12.3,0,166993.0,22040.0,7650.0,59500.0,1543540.0
254,19,9000000,90.0,60,271993.0,9.75,0,12.2,0,176795.0,22040.0,8100.0,63000.0,1633040.0
255,19,9500000,90.0,60,287074.0,9.75,0,12.2,0,186598.0,22040.0,8550.0,66500.0,1722540.0
256,19,10000000,90.0,60,302155.0,9.75,0,12.2,0,196401.0,22040.0,9000.0,70000.0,1812040.0
257,19,400000,82.0,120,7483.0,9.75,0,13.5,0,4864.0,1914.0,100.0,2800.0,102914.0
258,19,500000,87.0,120,9736.0,9.75,0,13.0,0,6328.0,1914.0,200.0,3500.0,103914.0
259,19,600000,90.0,120,11947.0,9.75,0,12.8,0,7766.0,3074.0,300.0,4200.0,108074.0
260,19,700000,90.0,120,13849.0,9.75,0,12.6,0,9002.0,3074.0,400.0,4900.0,126074.0
261,19,800000,90.0,120,15751.0,9.75,0,12.5,0,10238.0,3074.0,500.0,5600.0,144074.0
262,19,900000,90.0,120,17653.0,9.75,0,12.4,0,11474.0,3074.0,600.0,6300.0,162074.0
263,19,1000000,90.0,120,19555.0,9.75,0,12.4,0,12711.0,3074.0,700.0,7000.0,180074.0
264,19,1500000,90.0,120,29065.0,9.75,0,12.2,0,18892.0,5626.0,1200.0,10500.0,272626.0
265,19,2000000,90.0,120,38575.0,9.75,0,12.1,0,25074.0,5626.0,1700.0,14000.0,362626.0
266,19,2500000,90.0,120,48085.0,9.75,0,12.0,0,31255.0,8874.0,2200.0,17500.0,455874.0
267,19,3000000,90.0,120,57594.0,9.75,0,12.0,0,37436.0,8874.0,2700.0,21000.0,545874.0
268,19,3500000,90.0,120,67104.0,9.75,0,12.0,0,43618.0,12180.0,3150.0,24500.0,638680.0
269,19,4000000,90.0,120,76614.0,9.75,0,11.9,0,49799.0,12180.0,3600.0,28000.0,728180.0
270,19,4500000,90.0,120,86124.0,9.75,0,11.9,0,55980.0,14790.0,4050.0,31500.0,820290.0
271,19,5000000,90.0,120,95634.0,9.75,0,11.9,0,62162.0,14790.0,4500.0,35000.0,909790.0
272,19,5500000,90.0,120,105143.0,9.75,0,11.9,0,68343.0,20300.0,4950.0,38500.0,1004800.0
273,19,6000000,90.0,120,114653.0,9.75,0,11.9,0,74525.0,20300.0,5400.0,42000.0,1094300.0
274,19,6500000,90.0,120,124163.0,9.75,0,11.9,0,80706.0,20300.0,5850.0,45500.0,1183800.0
275,19,7000000,90.0,120,133673.0,9.75,0,11.8,0,86887.0,20300.0,6300.0,49000.0,1273300.0
276,19,7500000,90.0,120,143183.0,9.75,0,11.8,0,93069.0,22040.0,6750.0,52500.0,1364540.0
277,19,8000000,90.0,120,152693.0,9.75,0,11.8,0,99250.0,22040.0,7200.0,56000.0,1454040.0
278,19,8500000,90.0,120,162202.0,9.75,0,11.8,0,105432.0,22040.0,7650.0,59500.0,1543540.0
279,19,9000000,90.0,120,171712.0,9.75,0,11.8,0,111613.0,22040.0,8100.0,63000.0,1633040.0
280,19,9500000,90.0,120,181222.0,9.75,0,11.8,0,117794.0,22040.0,8550.0,66500.0,1722540.0
281,19,10000000,90.0,120,190732.0,9.75,0,11.8,0,123976.0,22040.0,9000.0,70000.0,1812040.0
282,19,400000,82.0,180,6230.0,9.75,0,13.1,0,4050.0,1914.0,100.0,2800.0,102914.0
283,19,500000,87.0,180,8074.0,9.75,0,12.7,0,5248.0,1914.0,200.0,3500.0,103914.0
284,19,600000,90.0,180,9884.0,9.75,0,12.5,0,6425.0,3074.0,300.0,4200.0,108074.0
285,19,700000,90.0,180,11442.0,9.75,0,12.3,0,7437.0,3074.0,400.0,4900.0,126074.0
286,19,800000,90.0,180,13000.0,9.75,0,12.2,0,8450.0,3074.0,500.0,5600.0,144074.0
287,19,900000,90.0,180,14558.0,9.75,0,12.2,0,9463.0,3074.0,600.0,6300.0,162074.0
288,19,1000000,90.0,180,16116.0,9.75,0,12.1,0,10476.0,3074.0,700.0,7000.0,180074.0
289,19,1500000,90.0,180,23907.0,9.75,0,11.9,0,15540.0,5626.0,1200.0,10500.0,272626.0
290,19,2000000,90.0,180,31698.0,9.75,0,11.8,0,20603.0,5626.0,1700.0,14000.0,362626.0
291,19,2500000,90.0,180,39488.0,9.75,0,11.8,0,25667.0,8874.0,2200.0,17500.0,455874.0
292,19,3000000,90.0,180,47279.0,9.75,0,11.7,0,30731.0,8874.0,2700.0,21000.0,545874.0
293,19,3500000,90.0,180,55069.0,9.75,0,11.7,0,35795.0,12180.0,3150.0,24500.0,638680.0
294,19,4000000,90.0,180,62860.0,9.75,0,11.7,0,40859.0,12180.0,3600.0,28000.0,728180.0
295,19,4500000,90.0,180,70650.0,9.75,0,11.7,0,45923.0,14790.0,4050.0,31500.0,820290.0
296,19,5000000,90.0,180,78441.0,9.75,0,11.7,0,50987.0,14790.0,4500.0,35000.0,909790.0
297,19,5500000,90.0,180,86231.0,9.75,0,11.7,0,56050.0,20300.0,4950.0,38500.0,1004800.0
298,19,6000000,90.0,180,94022.0,9.75,0,11.7,0,61114.0,20300.0,5400.0,42000.0,1094300.0
299,19,6500000,90.0,180,101813.0,9.75,0,11.6,0,66178.0,20300.0,5850.0,45500.0,1183800.0
300,19,7000000,90.0,180,109603.0,9.75,0,11.6,0,71242.0,20300.0,6300.0,49000.0,1273300.0
301,19,7500000,90.0,180,117394.0,9.75,0,11.6,0,76306.0,22040.0,6750.0,52500.0,1364540.0
302,19,8000000,90.0,180,125184.0,9.75,0,11.6,0,81370.0,22040.0,7200.0,56000.0,1454040.0
303,19,8500000,90.0,180,132975.0,9.75,0,11.6,0,86434.0,22040.0,7650.0,59500.0,1543540.0
304,19,9000000,90.0,180,140765.0,9.75,0,11.6,0,91497.0,22040.0,8100.0,63000.0,1633040.0
305,19,9500000,90.0,180,148556.0,9.75,0,11.6,0,96561.0,22040.0,8550.0,66500.0,1722540.0
306,19,10000000,90.0,180,156346.0,9.75,0,11.6,0,101625.0,22040.0,9000.0,70000.0,1812040.0
307,19,400000,82.0,240,5671.0,9.75,0,12.9,0,3686.0,1914.0,100.0,2800.0,102914.0
308,19,500000,87.0,240,7332.0,9.75,0,12.5,0,4766.0,1914.0,200.0,3500.0,103914.0
309,19,600000,90.0,240,8963.0,9.75,0,12.3,0,5826.0,3074.0,300.0,4200.0,108074.0
310,19,700000,90.0,240,10368.0,9.75,0,12.2,0,6739.0,3074.0,400.0,4900.0,126074.0
311,19,800000,90.0,240,11772.0,9.75,0,12.1,0,7652.0,3074.0,500.0,5600.0,144074.0
312,19,900000,90.0,240,13177.0,9.75,0,12.0,0,8565.0,3074.0,600.0,6300.0,162074.0
313,19,1000000,90.0,240,14582.0,9.75,0,11.9,0,9478.0,3074.0,700.0,7000.0,180074.0
314,19,1500000,90.0,240,21605.0,9.75,0,11.8,0,14043.0,5626.0,1200.0,10500.0,272626.0
315,19,2000000,90.0,240,28628.0,9.75,0,11.7,0,18608.0,5626.0,1700.0,14000.0,362626.0
316,19,2500000,90.0,240,35651.0,9.75,0,11.6,0,23173.0,8874.0,2200.0,17500.0,455874.0
317,19,3000000,90.0,240,42674.0,9.75,0,11.6,0,27738.0,8874.0,2700.0,21000.0,545874.0
318,19,3500000,90.0,240,49697.0,9.75,0,11.6,0,32303.0,12180.0,3150.0,24500.0,638680.0
319,19,4000000,90.0,240,56721.0,9.75,0,11.6,0,36868.0,12180.0,3600.0,28000.0,728180.0
320,19,4500000,90.0,240,63744.0,9.75,0,11.6,0,41433.0,14790.0,4050.0,31500.0,820290.0
321,19,5000000,90.0,240,70767.0,9.75,0,11.5,0,45999.0,14790.0,4500.0,35000.0,909790.0
322,19,5500000,90.0,240,77790.0,9.75,0,11.5,0,50564.0,20300.0,4950.0,38500.0,1004800.0
323,19,6000000,90.0,240,84813.0,9.75,0,11.5,0,55129.0,20300.0,5400.0,42000.0,1094300.0
324,19,6500000,90.0,240,91836.0,9.75,0,11.5,0,59694.0,20300.0,5850.0,45500.0,1183800.0
325,19,7000000,90.0,240,98860.0,9.75,0,11.5,0,64259.0,20300.0,6300.0,49000.0,1273300.0
326,19,7500000,90.0,240,105883.0,9.75,0,11.5,0,68824.0,22040.0,6750.0,52500.0,1364540.0
327,19,8000000,90.0,240,112906.0,9.75,0,11.5,0,73389.0,22040.0,7200.0,56000.0,1454040.0
328,19,8500000,90.0,240,119929.0,9.75,0,11.5,0,77954.0,22040.0,7650.0,59500.0,1543540.0
329,19,9000000,90.0,240,126952.0,9.75,0,11.5,0,82519.0,22040.0,8100.0,63000.0,1633040.0
330,19,9500000,90.0,240,133975.0,9.75,0,11.5,0,87084.0,22040.0,8550.0,66500.0,1722540.0
331,19,10000000,90.0,240,140998.0,9.75,0,11.5,0,91649.0,22040.0,9000.0,70000.0,1812040.0
332,19,400000,82.0,60,11668.0,10.25,0,14.6,0,7584.0,1914.0,100.0,2800.0,102914.0
333,19,500000,85.0,60,14952.0,10.25,0,14.1,0,9719.0,1914.0,200.0,3500.0,113914.0
334,19,600000,85.0,60,17835.0,10.25,0,14.0,0,11593.0,3074.0,300.0,4200.0,138074.0
335,19,700000,85.0,60,20719.0,10.25,0,13.8,0,13467.0,3074.0,400.0,4900.0,161074.0
336,19,800000,85.0,60,23602.0,10.25,0,13.7,0,15341.0,3074.0,500.0,5600.0,184074.0
337,19,900000,85.0,60,26485.0,10.25,0,13.6,0,17216.0,3074.0,600.0,6300.0,207074.0
338,19,1000000,85.0,60,29369.0,10.25,0,13.5,0,19090.0,3074.0,700.0,7000.0,230074.0
339,19,1500000,85.0,60,43785.0,10.25,0,13.3,0,28461.0,5626.0,1200.0,10500.0,347626.0
340,19,2000000,85.0,60,58202.0,10.25,0,13.2,0,37831.0,5626.0,1700.0,14000.0,462626.0
341,19,2500000,85.0,60,72619.0,10.25,0,13.1,0,47202.0,8874.0,2125.0,17500.0,580124.0
342,19,3000000,85.0,60,87035.0,10.25,0,13.0,0,56573.0,8874.0,2550.0,21000.0,694374.0
343,19,3500000,85.0,60,101452.0,10.25,0,13.0,0,65944.0,12180.0,2975.0,24500.0,811930.0
344,19,4000000,85.0,60,115869.0,10.25,0,13.0,0,75315.0,12180.0,3400.0,28000.0,926180.0
345,19,4500000,85.0,60,130285.0,10.25,0,13.0,0,84686.0,14790.0,3825.0,31500.0,1043040.0
346,19,5000000,85.0,60,144702.0,10.25,0,12.9,0,94056.0,14790.0,4250.0,35000.0,1157290.0
347,19,5500000,85.0,60,159119.0,10.25,0,13.0,0,103427.0,20300.0,4675.0,38500.0,1277050.0
348,19,6000000,85.0,60,173535.0,10.25,0,12.9,0,112798.0,20300.0,5100.0,42000.0,1391300.0
349,19,6500000,85.0,60,187952.0,10.25,0,12.9,0,122169.0,20300.0,5525.0,45500.0,1505550.0
350,19,7000000,85.0,60,202369.0,10.25,0,12.9,0,131540.0,20300.0,5950.0,49000.0,1619800.0
351,19,7500000,85.0,60,216785.0,10.25,0,12.9,0,140911.0,22040.0,6375.0,52500.0,1735790.0
352,19,8000000,85.0,60,231202.0,10.25,0,12.9,0,150281.0,22040.0,6800.0,56000.0,1850040.0
353,19,8500000,85.0,60,245619.0,10.25,0,12.9,0,159652.0,22040.0,7225.0,59500.0,1964290.0
354,19,9000000,85.0,60,260035.0,10.25,0,12.8,0,169023.0,22040.0,7650.0,63000.0,2078540.0
355,19,9500000,85.0,60,274452.0,10.25,0,12.8,0,178394.0,22040.0,8075.0,66500.0,2192790.0
356,19,10000000,85.0,60,288869.0,10.25,0,12.8,0,187765.0,22040.0,8500.0,70000.0,2307040.0
357,19,400000,82.0,120,7623.0,10.25,0,14.0,0,4955.0,1914.0,100.0,2800.0,102914.0
358,19,500000,87.0,120,9921.0,10.25,0,13.5,0,6449.0,1914.0,200.0,3500.0,103914.0
359,19,600000,90.0,120,12177.0,10.25,0,13.3,0,7915.0,3074.0,300.0,4200.0,108074.0
360,19,700000,90.0,120,14117.0,10.25,0,13.2,0,9176.0,3074.0,400.0,4900.0,126074.0
361,19,800000,90.0,120,16058.0,10.25,0,13.1,0,10438.0,3074.0,500.0,5600.0,144074.0
362,19,900000,90.0,120,17998.0,10.25,0,13.0,0,11699.0,3074.0,600.0,6300.0,162074.0
363,19,1000000,90.0,120,19938.0,10.25,0,12.9,0,12960.0,3074.0,700.0,7000.0,180074.0
364,19,1500000,90.0,120,29640.0,10.25,0,12.7,0,19266.0,5626.0,1200.0,10500.0,272626.0
365,19,2000000,90.0,120,39341.0,10.25,0,12.6,0,25572.0,5626.0,1700.0,14000.0,362626.0
366,19,2500000,90.0,120,49043.0,10.25,0,12.6,0,31878.0,8874.0,2200.0,17500.0,455874.0
367,19,3000000,90.0,120,58744.0,10.25,0,12.5,0,38184.0,8874.0,2700.0,21000.0,545874.0
368,19,3500000,90.0,120,68446.0,10.25,0,12.5,0,44490.0,12180.0,3150.0,24500.0,638680.0
369,19,4000000,90.0,120,78147.0,10.25,0,12.5,0,50796.0,12180.0,3600.0,28000.0,728180.0
370,19,4500000,90.0,120,87849.0,10.25,0,12.5,0,57102.0,14790.0,4050.0,31500.0,820290.0
371,19,5000000,90.0,120,97550.0,10.25,0,12.4,0,63408.0,14790.0,4500.0,35000.0,909790.0
372,19,5500000,90.0,120,107252.0,10.25,0,12.4,0,69714.0,20300.0,4950.0,38500.0,1004800.0
373,19,6000000,90.0,120,116953.0,10.25,0,12.4,0,76020.0,20300.0,5400.0,42000.0,1094300.0
374,19,6500000,90.0,120,126655.0,10.25,0,12.4,0,82326.0,20300.0,5850.0,45500.0,1183800.0
375,19,7000000,90.0,120,136356.0,10.25,0,12.4,0,88632.0,20300.0,6300.0,49000.0,1273300.0
376,19,7500000,90.0,120,146058.0,10.25,0,12.4,0,94938.0,22040.0,6750.0,52500.0,1364540.0
377,19,8000000,90.0,120,155760.0,10.25,0,12.4,0,101244.0,22040.0,7200.0,56000.0,1454040.0
378,19,8500000,90.0,120,165461.0,10.25,0,12.4,0,107550.0,22040.0,7650.0,59500.0,1543540.0
379,19,9000000,90.0,120,175163.0,10.25,0,12.4,0,113856.0,22040.0,8100.0,63000.0,1633040.0
380,19,9500000,90.0,120,184864.0,10.25,0,12.4,0,120162.0,22040.0,8550.0,66500.0,1722540.0
381,19,10000000,90.0,120,194566.0,10.25,0,12.3,0,126468.0,22040.0,9000.0,70000.0,1812040.0
382,19,400000,82.0,180,6384.0,10.25,0,13.6,0,4150.0,1914.0,100.0,2800.0,102914.0
383,19,500000,87.0,180,8279.0,10.25,0,13.2,0,5381.0,1914.0,200.0,3500.0,103914.0
384,19,600000,90.0,180,10138.0,10.25,0,13.0,0,6590.0,3074.0,300.0,4200.0,108074.0
385,19,700000,90.0,180,11739.0,10.25,0,12.9,0,7630.0,3074.0,400.0,4900.0,126074.0
386,19,800000,90.0,180,13339.0,10.25,0,12.8,0,8670.0,3074.0,500.0,5600.0,144074.0
387,19,900000,90.0,180,14940.0,10.25,0,12.7,0,9711.0,3074.0,600.0,6300.0,162074.0
388,19,1000000,90.0,180,16540.0,10.25,0,12.6,0,10751.0,3074.0,700.0,7000.0,180074.0
389,19,1500000,90.0,180,24542.0,10.25,0,12.5,0,15953.0,5626.0,1200.0,10500.0,272626.0
390,19,2000000,90.0,180,32545.0,10.25,0,12.4,0,21154.0,5626.0,1700.0,14000.0,362626.0
391,19,2500000,90.0,180,40547.0,10.25,0,12.3,0,26356.0,8874.0,2200.0,17500.0,455874.0
392,19,3000000,90.0,180,48549.0,10.25,0,12.3,0,31557.0,8874.0,2700.0,21000.0,545874.0
393,19,3500000,90.0,180,56552.0,10.25,0,12.3,0,36759.0,12180.0,3150.0,24500.0,638680.0
394,19,4000000,90.0,180,64554.0,10.25,0,12.2,0,41960.0,12180.0,3600.0,28000.0,728180.0
395,19,4500000,90.0,180,72556.0,10.25,0,12.2,0,47162.0,14790.0,4050.0,31500.0,820290.0
396,19,5000000,90.0,180,80559.0,10.25,0,12.2,0,52363.0,14790.0,4500.0,35000.0,909790.0
397,19,5500000,90.0,180,88561.0,10.25,0,12.2,0,57565.0,20300.0,4950.0,38500.0,1004800.0
398,19,6000000,90.0,180,96563.0,10.25,0,12.2,0,62766.0,20300.0,5400.0,42000.0,1094300.0
399,19,6500000,90.0,180,104565.0,10.25,0,12.2,0,67968.0,20300.0,5850.0,45500.0,1183800.0
400,19,7000000,90.0,180,112568.0,10.25,0,12.2,0,73169.0,20300.0,6300.0,49000.0,1273300.0
401,19,7500000,90.0,180,120570.0,10.25,0,12.2,0,78371.0,22040.0,6750.0,52500.0,1364540.0
402,19,8000000,90.0,180,128572.0,10.25,0,12.2,0,83572.0,22040.0,7200.0,56000.0,1454040.0
403,19,8500000,90.0,180,136575.0,10.25,0,12.2,0,88774.0,22040.0,7650.0,59500.0,1543540.0
404,19,9000000,90.0,180,144577.0,10.25,0,12.1,0,93975.0,22040.0,8100.0,63000.0,1633040.0
405,19,9500000,90.0,180,152579.0,10.25,0,12.1,0,99177.0,22040.0,8550.0,66500.0,1722540.0
406,19,10000000,90.0,180,160582.0,10.25,0,12.1,0,104378.0,22040.0,9000.0,70000.0,1812040.0
407,19,400000,82.0,240,5838.0,10.25,0,13.4,0,3795.0,1914.0,100.0,2800.0,102914.0
408,19,500000,87.0,240,7554.0,10.25,0,13.0,0,4910.0,1914.0,200.0,3500.0,103914.0
409,19,600000,90.0,240,9238.0,10.25,0,12.8,0,6005.0,3074.0,300.0,4200.0,108074.0
410,19,700000,90.0,240,10689.0,10.25,0,12.7,0,6948.0,3074.0,400.0,4900.0,126074.0
411,19,800000,90.0,240,12139.0,10.25,0,12.6,0,7891.0,3074.0,500.0,5600.0,144074.0
412,19,900000,90.0,240,13590.0,10.25,0,12.5,0,8833.0,3074.0,600.0,6300.0,162074.0
413,19,1000000,90.0,240,15040.0,10.25,0,12.5,0,9776.0,3074.0,700.0,7000.0,180074.0
414,19,1500000,90.0,240,22293.0,10.25,0,12.3,0,14490.0,5626.0,1200.0,10500.0,272626.0
415,19,2000000,90.0,240,29545.0,10.25,0,12.2,0,19204.0,5626.0,1700.0,14000.0,362626.0
416,19,2500000,90.0,240,36798.0,10.25,0,12.2,0,23919.0,8874.0,2200.0,17500.0,455874.0
417,19,3000000,90.0,240,44050.0,10.25,0,12.1,0,28633.0,8874.0,2700.0,21000.0,545874.0
418,19,3500000,90.0,240,51303.0,10.25,0,12.1,0,33347.0,12180.0,3150.0,24500.0,638680.0
419,19,4000000,90.0,240,58555.0,10.25,0,12.1,0,38061.0,12180.0,3600.0,28000.0,728180.0
420,19,4500000,90.0,240,65808.0,10.25,0,12.1,0,42775.0,14790.0,4050.0,31500.0,820290.0
421,19,5000000,90.0,240,73060.0,10.25,0,12.1,0,47489.0,14790.0,4500.0,35000.0,909790.0
422,19,5500000,90.0,240,80313.0,10.25,0,12.1,0,52203.0,20300.0,4950.0,38500.0,1004800.0
423,19,6000000,90.0,240,87565.0,10.25,0,12.1,0,56917.0,20300.0,5400.0,42000.0,1094300.0
424,19,6500000,90.0,240,94818.0,10.25,0,12.1,0,61632.0,20300.0,5850.0,45500.0,1183800.0
425,19,7000000,90.0,240,102070.0,10.25,0,12.0,0,66346.0,20300.0,6300.0,49000.0,1273300.0
426,19,7500000,90.0,240,109323.0,10.25,0,12.0,0,71060.0,22040.0,6750.0,52500.0,1364540.0
427,19,8000000,90.0,240,116575.0,10.25,0,12.0,0,75774.0,22040.0,7200.0,56000.0,1454040.0
428,19,8500000,90.0,240,123828.0,10.25,0,12.0,0,80488.0,22040.0,7650.0,59500.0,1543540.0
429,19,9000000,90.0,240,131080.0,10.25,0,12.0,0,85202.0,22040.0,8100.0,63000.0,1633040.0
430,19,9500000,90.0,240,138333.0,10.25,0,12.0,0,89916.0,22040.0,8550.0,66500.0,1722540.0
431,19,10000000,90.0,240,145585.0,10.25,0,12.0,0,94630.0,22040.0,9000.0,70000.0,1812040.0
432,19,400000,82.0,60,11730.0,10.5,0,14.9,0,7625.0,1914.0,100.0,2800.0,102914.0
433,19,500000,87.0,60,15369.0,10.5,0,14.3,0,9990.0,1914.0,200.0,3500.0,103914.0
434,19,600000,90.0,60,18940.0,10.5,0,14.1,0,12311.0,3074.0,300.0,4200.0,108074.0
435,19,700000,90.0,60,22007.0,10.5,0,14.0,0,14305.0,3074.0,400.0,4900.0,126074.0
436,19,800000,90.0,60,25074.0,10.5,0,13.8,0,16298.0,3074.0,500.0,5600.0,144074.0
437,19,900000,90.0,60,28142.0,10.5,0,13.7,0,18292.0,3074.0,600.0,6300.0,162074.0
438,19,1000000,90.0,60,31209.0,10.5,0,13.7,0,20286.0,3074.0,700.0,7000.0,180074.0
439,19,1500000,90.0,60,46546.0,10.5,0,13.5,0,30255.0,5626.0,1200.0,10500.0,272626.0
440,19,2000000,90.0,60,61883.0,10.5,0,13.4,0,40224.0,5626.0,1700.0,14000.0,362626.0
441,19,2500000,90.0,60,77220.0,10.5,0,13.3,0,50193.0,8874.0,2200.0,17500.0,455874.0
442,19,3000000,90.0,60,92557.0,10.5,0,13.3,0,60162.0,8874.0,2700.0,21000.0,545874.0
443,19,3500000,90.0,60,107894.0,10.5,0,13.3,0,70131.0,12180.0,3150.0,24500.0,638680.0
444,19,4000000,90.0,60,123231.0,10.5,0,13.2,0,80100.0,12180.0,3600.0,28000.0,728180.0
445,19,4500000,90.0,60,138567.0,10.5,0,13.2,0,90069.0,14790.0,4050.0,31500.0,820290.0
446,19,5000000,90.0,60,153904.0,10.5,0,13.2,0,100038.0,14790.0,4500.0,35000.0,909790.0
447,19,5500000,90.0,60,169241.0,10.5,0,13.2,0,110007.0,20300.0,4950.0,38500.0,1004800.0
448,19,6000000,90.0,60,184578.0,10.5,0,13.2,0,119976.0,20300.0,5400.0,42000.0,1094300.0
449,19,6500000,90.0,60,199915.0,10.5,0,13.1,0,129945.0,20300.0,5850.0,45500.0,1183800.0
450,19,7000000,90.0,60,215252.0,10.5,0,13.1,0,139914.0,20300.0,6300.0,49000.0,1273300.0
451,19,7500000,90.0,60,230589.0,10.5,0,13.1,0,149883.0,22040.0,6750.0,52500.0,1364540.0
452,19,8000000,90.0,60,245926.0,10.5,0,13.1,0,159852.0,22040.0,7200.0,56000.0,1454040.0
453,19,8500000,90.0,60,261263.0,10.5,0,13.1,0,169821.0,22040.0,7650.0,59500.0,1543540.0
454,19,9000000,90.0,60,276599.0,10.5,0,13.1,0,179790.0,22040.0,8100.0,63000.0,1633040.0
455,19,9500000,90.0,60,291936.0,10.5,0,13.1,0,189759.0,22040.0,8550.0,66500.0,1722540.0
456,19,10000000,90.0,60,307273.0,10.5,0,13.1,0,199728.0,22040.0,9000.0,70000.0,1812040.0
457,19,400000,82.0,120,7693.0,10.5,0,14.3,0,5001.0,1914.0,100.0,2800.0,102914.0
458,19,500000,85.0,120,9802.0,10.5,0,13.9,0,6371.0,1914.0,200.0,3500.0,113914.0
459,19,600000,85.0,120,11655.0,10.5,0,13.7,0,7576.0,3074.0,300.0,4200.0,138074.0
460,19,700000,85.0,120,13508.0,10.5,0,13.5,0,8780.0,3074.0,400.0,4900.0,161074.0
461,19,800000,85.0,120,15362.0,10.5,0,13.4,0,9985.0,3074.0,500.0,5600.0,184074.0
462,19,900000,85.0,120,17215.0,10.5,0,13.3,0,11190.0,3074.0,600.0,6300.0,207074.0
463,19,1000000,85.0,120,19068.0,10.5,0,13.3,0,12394.0,3074.0,700.0,7000.0,230074.0
464,19,1500000,85.0,120,28335.0,10.5,0,13.1,0,18418.0,5626.0,1200.0,10500.0,347626.0
465,19,2000000,85.0,120,37601.0,10.5,0,13.0,0,24441.0,5626.0,1700.0,14000.0,462626.0
466,19,2500000,85.0,120,46868.0,10.5,0,12.9,0,30464.0,8874.0,2125.0,17500.0,580124.0
467,19,3000000,85.0,120,56134.0,10.5,0,12.8,0,36487.0,8874.0,2550.0,21000.0,694374.0
468,19,3500000,85.0,120,65401.0,10.5,0,12.8,0,42510.0,12180.0,2975.0,24500.0,811930.0
469,19,4000000,85.0,120,74667.0,10.5,0,12.8,0,48534.0,12180.0,3400.0,28000.0,926180.0
470,19,4500000,85.0,120,83934.0,10.5,0,12.8,0,54557.0,14790.0,3825.0,31500.0,1043040.0
471,19,5000000,85.0,120,93200.0,10.5,0,12.7,0,60580.0,14790.0,4250.0,35000.0,1157290.0
472,19,5500000,85.0,120,102467.0,10.5,0,12.8,0,66603.0,20300.0,4675.0,38500.0,1277050.0
473,19,6000000,85.0,120,111733.0,10.5,0,12.7,0,72627.0,20300.0,5100.0,42000.0,1391300.0
474,19,6500000,85.0,120,121000.0,10.5,0,12.7,0,78650.0,20300.0,5525.0,45500.0,1505550.0
475,19,7000000,85.0,120,130266.0,10.5,0,12.7,0,84673.0,20300.0,5950.0,49000.0,1619800.0
476,19,7500000,85.0,120,139533.0,10.5,0,12.7,0,90696.0,22040.0,6375.0,52500.0,1735790.0
477,19,8000000,85.0,120,148799.0,10.5,0,12.7,0,96719.0,22040.0,6800.0,56000.0,1850040.0
478,19,8500000,85.0,120,158066.0,10.5,0,12.7,0,102743.0,22040.0,7225.0,59500.0,1964290.0
479,19,9000000,85.0,120,167332.0,10.5,0,12.7,0,108766.0,22040.0,7650.0,63000.0,2078540.0
480,19,9500000,85.0,120,176599.0,10.5,0,12.7,0,114789.0,22040.0,8075.0,66500.0,2192790.0
481,19,10000000,85.0,120,185865.0,10.5,0,12.7,0,120812.0,22040.0,8500.0,70000.0,2307040.0
482,19,400000,82.0,180,6462.0,10.5,0,13.9,0,4201.0,1914.0,100.0,2800.0,102914.0
483,19,500000,87.0,180,8382.0,10.5,0,13.5,0,5448.0,1914.0,200.0,3500.0,103914.0
484,19,600000,90.0,180,10266.0,10.5,0,13.3,0,6673.0,3074.0,300.0,4200.0,108074.0
485,19,700000,90.0,180,11888.0,10.5,0,13.2,0,7727.0,3074.0,400.0,4900.0,126074.0
486,19,800000,90.0,180,13510.0,10.5,0,13.1,0,8782.0,3074.0,500.0,5600.0,144074.0
487,19,900000,90.0,180,15132.0,10.5,0,13.0,0,9836.0,3074.0,600.0,6300.0,162074.0
488,19,1000000,90.0,180,16754.0,10.5,0,12.9,0,10890.0,3074.0,700.0,7000.0,180074.0
489,19,1500000,90.0,180,24863.0,10.5,0,12.7,0,16161.0,5626.0,1200.0,10500.0,272626.0
490,19,2000000,90.0,180,32972.0,10.5,0,12.6,0,21432.0,5626.0,1700.0,14000.0,362626.0
491,19,2500000,90.0,180,41082.0,10.5,0,12.6,0,26703.0,8874.0,2200.0,17500.0,455874.0
492,19,3000000,90.0,180,49191.0,10.5,0,12.6,0,31974.0,8874.0,2700.0,21000.0,545874.0
493,19,3500000,90.0,180,57300.0,10.5,0,12.5,0,37245.0,12180.0,3150.0,24500.0,638680.0
494,19,4000000,90.0,180,65409.0,10.5,0,12.5,0,42516.0,12180.0,3600.0,28000.0,728180.0
495,19,4500000,90.0,180,73519.0,10.5,0,12.5,0,47787.0,14790.0,4050.0,31500.0,820290.0
496,19,5000000,90.0,180,81628.0,10.5,0,12.5,0,53058.0,14790.0,4500.0,35000.0,909790.0
497,19,5500000,90.0,180,89737.0,10.5,0,12.5,0,58329.0,20300.0,4950.0,38500.0,1004800.0
498,19,6000000,90.0,180,97847.0,10.5,0,12.5,0,63600.0,20300.0,5400.0,42000.0,1094300.0
499,19,6500000,90.0,180,105956.0,10.5,0,12.5,0,68871.0,20300.0,5850.0,45500.0,1183800.0
500,19,7000000,90.0,180,114065.0,10.5,0,12.4,0,74142.0,20300.0,6300.0,49000.0,1273300.0
501,19,7500000,90.0,180,122174.0,10.5,0,12.4,0,79413.0,22040.0,6750.0,52500.0,1364540.0
502,19,8000000,90.0,180,130284.0,10.5,0,12.4,0,84684.0,22040.0,7200.0,56000.0,1454040.0
503,19,8500000,90.0,180,138393.0,10.5,0,12.4,0,89955.0,22040.0,7650.0,59500.0,1543540.0
504,19,9000000,90.0,180,146502.0,10.5,0,12.4,0,95226.0,22040.0,8100.0,63000.0,1633040.0
505,19,9500000,90.0,180,154611.0,10.5,0,12.4,0,100497.0,22040.0,8550.0,66500.0,1722540.0
506,19,10000000,90.0,180,162721.0,10.5,0,12.4,0,105768.0,22040.0,9000.0,70000.0,1812040.0
507,19,400000,82.0,240,5922.0,10.5,0,13.7,0,3850.0,1914.0,100.0,2800.0,102914.0
508,19,500000,87.0,240,7666.0,10.5,0,13.3,0,4983.0,1914.0,200.0,3500.0,103914.0
509,19,600000,90.0,240,9377.0,10.5,0,13.1,0,6095.0,3074.0,300.0,4200.0,108074.0
510,19,700000,90.0,240,10851.0,10.5,0,13.0,0,7053.0,3074.0,400.0,4900.0,126074.0
511,19,800000,90.0,240,12325.0,10.5,0,12.9,0,8011.0,3074.0,500.0,5600.0,144074.0
512,19,900000,90.0,240,13798.0,10.5,0,12.8,0,8969.0,3074.0,600.0,6300.0,162074.0
513,19,1000000,90.0,240,15272.0,10.5,0,12.7,0,9927.0,3074.0,700.0,7000.0,180074.0
514,19,1500000,90.0,240,22640.0,10.5,0,12.6,0,14716.0,5626.0,1200.0,10500.0,272626.0
515,19,2000000,90.0,240,30009.0,10.5,0,12.5,0,19506.0,5626.0,1700.0,14000.0,362626.0
516,19,2500000,90.0,240,37377.0,10.5,0,12.5,0,24295.0,8874.0,2200.0,17500.0,455874.0
517,19,3000000,90.0,240,44746.0,10.5,0,12.4,0,29085.0,8874.0,2700.0,21000.0,545874.0
518,19,3500000,90.0,240,52114.0,10.5,0,12.4,0,33874.0,12180.0,3150.0,24500.0,638680.0
519,19,4000000,90.0,240,59482.0,10.5,0,12.4,0,38663.0,12180.0,3600.0,28000.0,728180.0
520,19,4500000,90.0,240,66851.0,10.5,0,12.4,0,43453.0,14790.0,4050.0,31500.0,820290.0
521,19,5000000,90.0,240,74219.0,10.5,0,12.3,0,48242.0,14790.0,4500.0,35000.0,909790.0
522,19,5500000,90.0,240,81587.0,10.5,0,12.4,0,53032.0,20300.0,4950.0,38500.0,1004800.0
523,19,6000000,90.0,240,88956.0,10.5,0,12.3,0,57821.0,20300.0,5400.0,42000.0,1094300.0
524,19,6500000,90.0,240,96324.0,10.5,0,12.3,0,62611.0,20300.0,5850.0,45500.0,1183800.0
525,19,7000000,90.0,240,103692.0,10.5,0,12.3,0,67400.0,20300.0,6300.0,49000.0,1273300.0
526,19,7500000,90.0,240,111061.0,10.5,0,12.3,0,72190.0,22040.0,6750.0,52500.0,1364540.0
527,19,8000000,90.0,240,118429.0,10.5,0,12.3,0,76979.0,22040.0,7200.0,56000.0,1454040.0
528,19,8500000,90.0,240,125798.0,10.5,0,12.3,0,81768.0,22040.0,7650.0,59500.0,1543540.0
529,19,9000000,90.0,240,133166.0,10.5,0,12.3,0,86558.0,22040.0,8100.0,63000.0,1633040.0
530,19,9500000,90.0,240,140534.0,10.5,0,12.3,0,91347.0,22040.0,8550.0,66500.0,1722540.0
531,19,10000000,90.0,240,147903.0,10.5,0,12.3,0,96137.0,22040.0,9000.0,70000.0,1812040.0
532,19,400000,75.0,60,10848.0,10.75,0,15.4,0,7051.0,1914.0,100.0,2800.0,130914.0
533,19,500000,75.0,60,13426.0,10.75,0,15.0,0,8727.0,1914.0,200.0,3500.0,163914.0
534,19,600000,75.0,60,16004.0,10.75,0,14.9,0,10402.0,3074.0,300.0,4200.0,198074.0
535,19,700000,75.0,60,18582.0,10.75,0,14.7,0,12078.0,3074.0,400.0,4900.0,231074.0
536,19,800000,75.0,60,21160.0,10.75,0,14.5,0,13754.0,3074.0,500.0,5600.0,264074.0
537,19,900000,75.0,60,23738.0,10.75,0,14.4,0,15430.0,3074.0,600.0,6300.0,297074.0
538,19,1000000,75.0,60,26316.0,10.75,0,14.3,0,17105.0,3074.0,700.0,7000.0,330074.0
539,19,1500000,75.0,60,39206.0,10.75,0,14.1,0,25484.0,5626.0,1125.0,10500.0,496876.0
540,19,2000000,75.0,60,52097.0,10.75,0,13.9,0,33863.0,5626.0,1500.0,14000.0,660626.0
541,19,2500000,75.0,60,64987.0,10.75,0,13.8,0,42242.0,8874.0,1875.0,17500.0,827624.0
542,19,3000000,75.0,60,77877.0,10.75,0,13.7,0,50620.0,8874.0,2250.0,21000.0,991374.0
543,19,3500000,75.0,60,90768.0,10.75,0,13.7,0,58999.0,12180.0,2625.0,24500.0,1158430.0
544,19,4000000,75.0,60,103658.0,10.75,0,13.7,0,67378.0,12180.0,3000.0,28000.0,1322180.0
545,19,4500000,75.0,60,116548.0,10.75,0,13.7,0,75756.0,14790.0,3375.0,31500.0,1488540.0
546,19,5000000,75.0,60,129439.0,10.75,0,13.6,0,84135.0,14790.0,3750.0,35000.0,1652290.0
547,19,5500000,75.0,60,142329.0,10.75,0,13.7,0,92514.0,20300.0,4125.0,38500.0,1821550.0
548,19,6000000,75.0,60,155219.0,10.75,0,13.6,0,100892.0,20300.0,4500.0,42000.0,1985300.0
549,19,6500000,75.0,60,168110.0,10.75,0,13.6,0,109271.0,20300.0,4875.0,45500.0,2149050.0
550,19,7000000,75.0,60,181000.0,10.75,0,13.6,0,117650.0,20300.0,5250.0,49000.0,2312800.0
551,19,7500000,75.0,60,193890.0,10.75,0,13.6,0,126029.0,22040.0,5625.0,52500.0,2478290.0
552,19,8000000,75.0,60,206781.0,10.75,0,13.5,0,134407.0,22040.0,6000.0,56000.0,2642040.0
553,19,8500000,75.0,60,219671.0,10.75,0,13.5,0,142786.0,22040.0,6375.0,59500.0,2805790.0
554,19,9000000,75.0,60,232561.0,10.75,0,13.5,0,151165.0,22040.0,6750.0,63000.0,2969540.0
555,19,9500000,75.0,60,245451.0,10.75,0,13.5,0,159543.0,22040.0,7125.0,66500.0,3133290.0
556,19,10000000,75.0,60,258342.0,10.75,0,13.5,0,167922.0,22040.0,7500.0,70000.0,3297040.0
557,19,400000,82.0,120,7764.0,10.75,0,14.5,0,5047.0,1914.0,100.0,2800.0,102914.0
558,19,500000,87.0,120,10108.0,10.75,0,14.1,0,6571.0,1914.0,200.0,3500.0,103914.0
559,19,600000,90.0,120,12410.0,10.75,0,13.9,0,8066.0,3074.0,300.0,4200.0,108074.0
560,19,700000,90.0,120,14389.0,10.75,0,13.7,0,9353.0,3074.0,400.0,4900.0,126074.0
561,19,800000,90.0,120,16368.0,10.75,0,13.6,0,10639.0,3074.0,500.0,5600.0,144074.0
562,19,900000,90.0,120,18347.0,10.75,0,13.5,0,11926.0,3074.0,600.0,6300.0,162074.0
563,19,1000000,90.0,120,20326.0,10.75,0,13.4,0,13212.0,3074.0,700.0,7000.0,180074.0
564,19,1500000,90.0,120,30221.0,10.75,0,13.3,0,19644.0,5626.0,1200.0,10500.0,272626.0
565,19,2000000,90.0,120,40117.0,10.75,0,13.2,0,26076.0,5626.0,1700.0,14000.0,362626.0
566,19,2500000,90.0,120,50012.0,10.75,0,13.1,0,32508.0,8874.0,2200.0,17500.0,455874.0
567,19,3000000,90.0,120,59907.0,10.75,0,13.1,0,38940.0,8874.0,2700.0,21000.0,545874.0
568,19,3500000,90.0,120,69803.0,10.75,0,13.0,0,45372.0,12180.0,3150.0,24500.0,638680.0
569,19,4000000,90.0,120,79698.0,10.75,0,13.0,0,51804.0,12180.0,3600.0,28000.0,728180.0
570,19,4500000,90.0,120,89593.0,10.75,0,13.0,0,58236.0,14790.0,4050.0,31500.0,820290.0
571,19,5000000,90.0,120,99489.0,10.75,0,13.0,0,64668.0,14790.0,4500.0,35000.0,909790.0
572,19,5500000,90.0,120,109384.0,10.75,0,13.0,0,71100.0,20300.0,4950.0,38500.0,1004800.0
573,19,6000000,90.0,120,119279.0,10.75,0,13.0,0,77532.0,20300.0,5400.0,42000.0,1094300.0
574,19,6500000,90.0,120,129175.0,10.75,0,13.0,0,83964.0,20300.0,5850.0,45500.0,1183800.0
575,19,7000000,90.0,120,139070.0,10.75,0,12.9,0,90396.0,20300.0,6300.0,49000.0,1273300.0
576,19,7500000,90.0,120,148965.0,10.75,0,12.9,0,96827.0,22040.0,6750.0,52500.0,1364540.0
577,19,8000000,90.0,120,158861.0,10.75,0,12.9,0,103259.0,22040.0,7200.0,56000.0,1454040.0
578,19,8500000,90.0,120,168756.0,10.75,0,12.9,0,109691.0,22040.0,7650.0,59500.0,1543540.0
579,19,9000000,90.0,120,178651.0,10.75,0,12.9,0,116123.0,22040.0,8100.0,63000.0,1633040.0
580,19,9500000,90.0,120,188547.0,10.75,0,12.9,0,122555.0,22040.0,8550.0,66500.0,1722540.0
581,19,10000000,90.0,120,198442.0,10.75,0,12.9,0,128987.0,22040.0,9000.0,70000.0,1812040.0
582,19,400000,82.0,180,6541.0,10.75,0,14.2,0,4252.0,1914.0,100.0,2800.0,102914.0
583,19,500000,85.0,180,8308.0,10.75,0,13.8,0,5401.0,1914.0,200.0,3500.0,113914.0
584,19,600000,85.0,180,9863.0,10.75,0,13.7,0,6411.0,3074.0,300.0,4200.0,138074.0
585,19,700000,85.0,180,11418.0,10.75,0,13.5,0,7422.0,3074.0,400.0,4900.0,161074.0
586,19,800000,85.0,180,12972.0,10.75,0,13.4,0,8432.0,3074.0,500.0,5600.0,184074.0
587,19,900000,85.0,180,14527.0,10.75,0,13.3,0,9443.0,3074.0,600.0,6300.0,207074.0
588,19,1000000,85.0,180,16082.0,10.75,0,13.3,0,10453.0,3074.0,700.0,7000.0,230074.0
589,19,1500000,85.0,180,23855.0,10.75,0,13.1,0,15506.0,5626.0,1200.0,10500.0,347626.0
590,19,2000000,85.0,180,31628.0,10.75,0,13.0,0,20558.0,5626.0,1700.0,14000.0,462626.0
591,19,2500000,85.0,180,39401.0,10.75,0,12.9,0,25611.0,8874.0,2125.0,17500.0,580124.0
592,19,3000000,85.0,180,47174.0,10.75,0,12.9,0,30663.0,8874.0,2550.0,21000.0,694374.0
593,19,3500000,85.0,180,54947.0,10.75,0,12.9,0,35716.0,12180.0,2975.0,24500.0,811930.0
594,19,4000000,85.0,180,62720.0,10.75,0,12.8,0,40768.0,12180.0,3400.0,28000.0,926180.0
595,19,4500000,85.0,180,70493.0,10.75,0,12.8,0,45821.0,14790.0,3825.0,31500.0,1043040.0
596,19,5000000,85.0,180,78266.0,10.75,0,12.8,0,50873.0,14790.0,4250.0,35000.0,1157290.0
597,19,5500000,85.0,180,86039.0,10.75,0,12.8,0,55926.0,20300.0,4675.0,38500.0,1277050.0
598,19,6000000,85.0,180,93812.0,10.75,0,12.8,0,60978.0,20300.0,5100.0,42000.0,1391300.0
599,19,6500000,85.0,180,101585.0,10.75,0,12.8,0,66031.0,20300.0,5525.0,45500.0,1505550.0
600,19,7000000,85.0,180,109359.0,10.75,0,12.8,0,71083.0,20300.0,5950.0,49000.0,1619800.0
601,19,7500000,85.0,180,117132.0,10.75,0,12.8,0,76136.0,22040.0,6375.0,52500.0,1735790.0
602,19,8000000,85.0,180,124905.0,10.75,0,12.7,0,81188.0,22040.0,6800.0,56000.0,1850040.0
603,19,8500000,85.0,180,132678.0,10.75,0,12.7,0,86241.0,22040.0,7225.0,59500.0,1964290.0
604,19,9000000,85.0,180,140451.0,10.75,0,12.7,0,91293.0,22040.0,7650.0,63000.0,2078540.0
605,19,9500000,85.0,180,148224.0,10.75,0,12.7,0,96346.0,22040.0,8075.0,66500.0,2192790.0
606,19,10000000,85.0,180,155997.0,10.75,0,12.7,0,101398.0,22040.0,8500.0,70000.0,2307040.0
607,19,400000,82.0,240,6007.0,10.75,0,13.9,0,3905.0,1914.0,100.0,2800.0,102914.0
608,19,500000,85.0,240,7617.0,10.75,0,13.6,0,4951.0,1914.0,200.0,3500.0,113914.0
609,19,600000,85.0,240,9034.0,10.75,0,13.5,0,5872.0,3074.0,300.0,4200.0,138074.0
610,19,700000,85.0,240,10450.0,10.75,0,13.3,0,6792.0,3074.0,400.0,4900.0,161074.0
611,19,800000,85.0,240,11866.0,10.75,0,13.2,0,7713.0,3074.0,500.0,5600.0,184074.0
612,19,900000,85.0,240,13283.0,10.75,0,13.1,0,8634.0,3074.0,600.0,6300.0,207074.0
613,19,1000000,85.0,240,14699.0,10.75,0,13.1,0,9554.0,3074.0,700.0,7000.0,230074.0
614,19,1500000,85.0,240,21781.0,10.75,0,12.9,0,14158.0,5626.0,1200.0,10500.0,347626.0
615,19,2000000,85.0,240,28863.0,10.75,0,12.8,0,18761.0,5626.0,1700.0,14000.0,462626.0
616,19,2500000,85.0,240,35945.0,10.75,0,12.8,0,23364.0,8874.0,2125.0,17500.0,580124.0
617,19,3000000,85.0,240,43026.0,10.75,0,12.7,0,27967.0,8874.0,2550.0,21000.0,694374.0
618,19,3500000,85.0,240,50108.0,10.75,0,12.7,0,32570.0,12180.0,2975.0,24500.0,811930.0
619,19,4000000,85.0,240,57190.0,10.75,0,12.7,0,37174.0,12180.0,3400.0,28000.0,926180.0
620,19,4500000,85.0,240,64272.0,10.75,0,12.7,0,41777.0,14790.0,3825.0,31500.0,1043040.0
621,19,5000000,85.0,240,71354.0,10.75,0,12.7,0,46380.0,14790.0,4250.0,35000.0,1157290.0
622,19,5500000,85.0,240,78436.0,10.75,0,12.7,0,50983.0,20300.0,4675.0,38500.0,1277050.0
623,19,6000000,85.0,240,85518.0,10.75,0,12.6,0,55586.0,20300.0,5100.0,42000.0,1391300.0
624,19,6500000,85.0,240,92599.0,10.75,0,12.6,0,60190.0,20300.0,5525.0,45500.0,1505550.0
625,19,7000000,85.0,240,99681.0,10.75,0,12.6,0,64793.0,20300.0,5950.0,49000.0,1619800.0
626,19,7500000,85.0,240,106763.0,10.75,0,12.6,0,69396.0,22040.0,6375.0,52500.0,1735790.0
627,19,8000000,85.0,240,113845.0,10.75,0,12.6,0,73999.0,22040.0,6800.0,56000.0,1850040.0
628,19,8500000,85.0,240,120927.0,10.75,0,12.6,0,78602.0,22040.0,7225.0,59500.0,1964290.0
629,19,9000000,85.0,240,128009.0,10.75,0,12.6,0,83206.0,22040.0,7650.0,63000.0,2078540.0
630,19,9500000,85.0,240,135090.0,10.75,0,12.6,0,87809.0,22040.0,8075.0,66500.0,2192790.0
631,19,10000000,85.0,240,142172.0,10.75,0,12.6,0,92412.0,22040.0,8500.0,70000.0,2307040.0
632,21,400000,85.0,60,11940.0,9.75,0,13.8,0,7761.0,1914.0,"",2380.0,25714.0
633,21,1500000,85.0,60,43303.0,9.75,0,12.3,0,28147.0,5626.0,"",8925.0,94876.0
634,21,2000000,85.0,60,57559.0,9.75,0,12.1,0,37413.0,5626.0,"",11900.0,124626.0
635,21,2500000,85.0,60,71814.0,9.75,0,12.1,0,46679.0,8874.0,"",14875.0,157624.0
636,21,3000000,85.0,60,86070.0,9.75,0,12.0,0,55946.0,8874.0,"",17850.0,187374.0
637,21,3500000,85.0,60,100326.0,9.75,0,12.0,0,65212.0,12180.0,"",20825.0,220430.0
638,21,4000000,85.0,60,114582.0,9.75,0,11.9,0,74478.0,12180.0,"",23800.0,250180.0
639,21,4500000,85.0,60,128838.0,9.75,0,11.9,0,83745.0,14790.0,"",26775.0,282540.0
640,21,5000000,85.0,60,143094.0,9.75,0,11.9,0,93011.0,14790.0,"",29750.0,312290.0
641,21,5500000,85.0,60,157349.0,9.75,0,11.9,0,102277.0,20300.0,"",32725.0,347550.0
642,21,6000000,85.0,60,171605.0,9.75,0,11.9,0,111543.0,20300.0,"",35700.0,377300.0
643,21,6500000,85.0,60,185861.0,9.75,0,11.9,0,120810.0,20300.0,"",38675.0,407050.0
644,21,7000000,85.0,60,200117.0,9.75,0,11.9,0,130076.0,20300.0,"",41650.0,436800.0
645,21,7500000,85.0,60,214373.0,9.75,0,11.8,0,139342.0,22040.0,"",44625.0,468290.0
646,21,8000000,85.0,60,228628.0,9.75,0,11.8,0,148608.0,22040.0,"",47600.0,498040.0
647,21,8500000,85.0,60,242884.0,9.75,0,11.8,0,157875.0,22040.0,"",50575.0,527790.0
648,21,9000000,85.0,60,257140.0,9.75,0,11.8,0,167141.0,22040.0,"",53550.0,557540.0
649,21,9500000,85.0,60,271396.0,9.75,0,11.8,0,176407.0,22040.0,"",56525.0,587290.0
650,21,10000000,85.0,60,285652.0,9.75,0,11.8,0,185674.0,22040.0,"",59500.0,617040.0
651,21,400000,85.0,120,7803.0,10.0,0,13.6,0,5072.0,1914.0,"",2380.0,25714.0
652,21,1500000,85.0,120,27789.0,10.0,0,12.3,0,18063.0,5626.0,"",8925.0,94876.0
653,21,2000000,85.0,120,36873.0,10.0,0,12.1,0,23968.0,5626.0,"",11900.0,124626.0
654,21,2500000,85.0,120,45958.0,10.0,0,12.1,0,29872.0,8874.0,"",14875.0,157624.0
655,21,3000000,85.0,120,55042.0,10.0,0,12.0,0,35777.0,8874.0,"",17850.0,187374.0
656,21,3500000,85.0,120,64126.0,10.0,0,12.0,0,41682.0,12180.0,"",20825.0,220430.0
657,21,4000000,85.0,120,73211.0,10.0,0,12.0,0,47587.0,12180.0,"",23800.0,250180.0
658,21,4500000,85.0,120,82295.0,10.0,0,12.0,0,53492.0,14790.0,"",26775.0,282540.0
659,21,5000000,85.0,120,91380.0,10.0,0,11.9,0,59397.0,14790.0,"",29750.0,312290.0
660,21,5500000,85.0,120,100464.0,10.0,0,11.9,0,65302.0,20300.0,"",32725.0,347550.0
661,21,6000000,85.0,120,109549.0,10.0,0,11.9,0,71207.0,20300.0,"",35700.0,377300.0
662,21,6500000,85.0,120,118633.0,10.0,0,11.9,0,77111.0,20300.0,"",38675.0,407050.0
663,21,7000000,85.0,120,127717.0,10.0,0,11.9,0,83016.0,20300.0,"",41650.0,436800.0
664,21,7500000,85.0,120,136802.0,10.0,0,11.9,0,88921.0,22040.0,"",44625.0,468290.0
665,21,8000000,85.0,120,145886.0,10.0,0,11.9,0,94826.0,22040.0,"",47600.0,498040.0
666,21,8500000,85.0,120,154971.0,10.0,0,11.9,0,100731.0,22040.0,"",50575.0,527790.0
667,21,9000000,85.0,120,164055.0,10.0,0,11.9,0,106636.0,22040.0,"",53550.0,557540.0
668,21,9500000,85.0,120,173140.0,10.0,0,11.8,0,112541.0,22040.0,"",56525.0,587290.0
669,21,10000000,85.0,120,182224.0,10.0,0,11.8,0,118446.0,22040.0,"",59500.0,617040.0
670,21,400000,85.0,180,6592.0,10.25,0,13.5,0,4285.0,1914.0,"",2380.0,25714.0
671,21,1500000,85.0,180,23247.0,10.25,0,12.4,0,15110.0,5626.0,"",8925.0,94876.0
672,21,2000000,85.0,180,30817.0,10.25,0,12.2,0,20031.0,5626.0,"",11900.0,124626.0
673,21,2500000,85.0,180,38387.0,10.25,0,12.2,0,24952.0,8874.0,"",14875.0,157624.0
674,21,3000000,85.0,180,45958.0,10.25,0,12.1,0,29873.0,8874.0,"",17850.0,187374.0
675,21,3500000,85.0,180,53528.0,10.25,0,12.1,0,34793.0,12180.0,"",20825.0,220430.0
676,21,4000000,85.0,180,61099.0,10.25,0,12.1,0,39714.0,12180.0,"",23800.0,250180.0
677,21,4500000,85.0,180,68669.0,10.25,0,12.1,0,44635.0,14790.0,"",26775.0,282540.0
678,21,5000000,85.0,180,76239.0,10.25,0,12.0,0,49556.0,14790.0,"",29750.0,312290.0
679,21,5500000,85.0,180,83810.0,10.25,0,12.0,0,54476.0,20300.0,"",32725.0,347550.0
680,21,6000000,85.0,180,91380.0,10.25,0,12.0,0,59397.0,20300.0,"",35700.0,377300.0
681,21,6500000,85.0,180,98951.0,10.25,0,12.0,0,64318.0,20300.0,"",38675.0,407050.0
682,21,7000000,85.0,180,106521.0,10.25,0,12.0,0,69239.0,20300.0,"",41650.0,436800.0
683,21,7500000,85.0,180,114092.0,10.25,0,12.0,0,74159.0,22040.0,"",44625.0,468290.0
684,21,8000000,85.0,180,121662.0,10.25,0,12.0,0,79080.0,22040.0,"",47600.0,498040.0
685,21,8500000,85.0,180,129232.0,10.25,0,12.0,0,84001.0,22040.0,"",50575.0,527790.0
686,21,9000000,85.0,180,136803.0,10.25,0,12.0,0,88922.0,22040.0,"",53550.0,557540.0
687,21,9500000,85.0,180,144373.0,10.25,0,12.0,0,93843.0,22040.0,"",56525.0,587290.0
688,21,10000000,85.0,180,151944.0,10.25,0,12.0,0,98763.0,22040.0,"",59500.0,617040.0
689,21,400000,85.0,240,6025.0,10.25,0,13.3,0,3916.0,1914.0,"",2380.0,25714.0
690,21,1500000,85.0,240,21122.0,10.25,0,12.2,0,13729.0,5626.0,"",8925.0,94876.0
691,21,2000000,85.0,240,27984.0,10.25,0,12.1,0,18190.0,5626.0,"",11900.0,124626.0
692,21,2500000,85.0,240,34847.0,10.25,0,12.1,0,22650.0,8874.0,"",14875.0,157624.0
693,21,3000000,85.0,240,41709.0,10.25,0,12.0,0,27111.0,8874.0,"",17850.0,187374.0
694,21,3500000,85.0,240,48571.0,10.25,0,12.0,0,31571.0,12180.0,"",20825.0,220430.0
695,21,4000000,85.0,240,55433.0,10.25,0,12.0,0,36032.0,12180.0,"",23800.0,250180.0
696,21,4500000,85.0,240,62296.0,10.25,0,12.0,0,40492.0,14790.0,"",26775.0,282540.0
697,21,5000000,85.0,240,69158.0,10.25,0,11.9,0,44953.0,14790.0,"",29750.0,312290.0
698,21,5500000,85.0,240,76020.0,10.25,0,11.9,0,49413.0,20300.0,"",32725.0,347550.0
699,21,6000000,85.0,240,82882.0,10.25,0,11.9,0,53874.0,20300.0,"",35700.0,377300.0
700,21,6500000,85.0,240,89745.0,10.25,0,11.9,0,58334.0,20300.0,"",38675.0,407050.0
701,21,7000000,85.0,240,96607.0,10.25,0,11.9,0,62794.0,20300.0,"",41650.0,436800.0
702,21,7500000,85.0,240,103469.0,10.25,0,11.9,0,67255.0,22040.0,"",44625.0,468290.0
703,21,8000000,85.0,240,110331.0,10.25,0,11.9,0,71715.0,22040.0,"",47600.0,498040.0
704,21,8500000,85.0,240,117194.0,10.25,0,11.9,0,76176.0,22040.0,"",50575.0,527790.0
705,21,9000000,85.0,240,124056.0,10.25,0,11.9,0,80636.0,22040.0,"",53550.0,557540.0
706,21,9500000,85.0,240,130918.0,10.25,0,11.9,0,85097.0,22040.0,"",56525.0,587290.0
707,21,10000000,85.0,240,137780.0,10.25,0,11.9,0,89557.0,22040.0,"",59500.0,617040.0
708,23,400000,70.0,60,11547.0,13.5,0,18.8,0,7506.0,1914.0,150.0,1960.0,21514.0
709,23,1500000,70.0,60,41830.0,13.5,0,17.6,0,27190.0,5626.0,1575.0,7350.0,79126.0
710,23,2000000,70.0,60,55595.0,13.5,0,17.3,0,36137.0,5626.0,2100.0,9800.0,103626.0
711,23,2500000,70.0,60,69360.0,13.5,0,17.3,0,45084.0,8874.0,2625.0,12250.0,131374.0
712,23,3000000,70.0,60,83125.0,13.5,0,17.2,0,54031.0,8874.0,3150.0,14700.0,155874.0
713,23,3500000,70.0,60,96890.0,13.5,0,17.2,0,62978.0,12180.0,3675.0,17150.0,183680.0
714,23,4000000,70.0,60,110654.0,13.5,0,17.1,0,71925.0,12180.0,4200.0,19600.0,208180.0
715,23,4500000,70.0,60,124419.0,13.5,0,17.1,0,80873.0,14790.0,4725.0,22050.0,235290.0
716,23,5000000,70.0,60,138184.0,13.5,0,17.1,0,89820.0,14790.0,5250.0,24500.0,259790.0
717,23,400000,70.0,120,8274.0,13.75,0,18.3,0,5378.0,1914.0,150.0,1960.0,21514.0
718,23,1500000,70.0,120,29553.0,13.75,0,17.1,0,19210.0,5626.0,1575.0,7350.0,79126.0
719,23,2000000,70.0,120,39226.0,13.75,0,16.9,0,25497.0,5626.0,2100.0,9800.0,103626.0
720,23,2500000,70.0,120,48899.0,13.75,0,16.9,0,31784.0,8874.0,2625.0,12250.0,131374.0
721,23,3000000,70.0,120,58571.0,13.75,0,16.8,0,38071.0,8874.0,3150.0,14700.0,155874.0
722,23,3500000,70.0,120,68244.0,13.75,0,16.8,0,44359.0,12180.0,3675.0,17150.0,183680.0
723,23,4000000,70.0,120,77917.0,13.75,0,16.7,0,50646.0,12180.0,4200.0,19600.0,208180.0
724,23,4500000,70.0,120,87589.0,13.75,0,16.7,0,56933.0,14790.0,4725.0,22050.0,235290.0
725,23,5000000,70.0,120,97262.0,13.75,0,16.7,0,63220.0,14790.0,5250.0,24500.0,259790.0
726,23,400000,70.0,180,7401.0,14.0,0,18.2,0,4811.0,1914.0,150.0,1960.0,21514.0
727,23,1500000,70.0,180,26281.0,14.0,0,17.1,0,17082.0,5626.0,1575.0,7350.0,79126.0
728,23,2000000,70.0,180,34862.0,14.0,0,16.9,0,22661.0,5626.0,2100.0,9800.0,103626.0
729,23,2500000,70.0,180,43444.0,14.0,0,16.9,0,28239.0,8874.0,2625.0,12250.0,131374.0
730,23,3000000,70.0,180,52026.0,14.0,0,16.8,0,33817.0,8874.0,3150.0,14700.0,155874.0
731,23,3500000,70.0,180,60608.0,14.0,0,16.8,0,39395.0,12180.0,3675.0,17150.0,183680.0
732,23,4000000,70.0,180,69190.0,14.0,0,16.7,0,44973.0,12180.0,4200.0,19600.0,208180.0
733,23,4500000,70.0,180,77771.0,14.0,0,16.7,0,50551.0,14790.0,4725.0,22050.0,235290.0
734,23,5000000,70.0,180,86353.0,14.0,0,16.7,0,56130.0,14790.0,5250.0,24500.0,259790.0
735,20,400000,82.0,60,11009.0,9.75,0,11.9,0,7156.0,1914.0,"",2800.0,101914.0
736,20,1500000,90.0,60,45243.0,9.75,0,11.7,0,29408.0,5626.0,"",10500.0,260626.0
737,20,2000000,90.0,60,60324.0,9.75,0,11.7,0,39211.0,5626.0,"",14000.0,345626.0
738,20,2500000,90.0,60,75405.0,9.75,0,11.7,0,49013.0,8874.0,"",17500.0,433874.0
739,20,3000000,90.0,60,90486.0,9.75,0,11.7,0,58816.0,8874.0,"",21000.0,518874.0
740,20,3500000,90.0,60,105567.0,9.75,0,11.7,0,68618.0,12180.0,"",24500.0,607180.0
741,20,4000000,90.0,60,120648.0,9.75,0,11.7,0,78421.0,12180.0,"",28000.0,692180.0
742,20,4500000,90.0,60,135729.0,9.75,0,11.7,0,88224.0,14790.0,"",31500.0,779790.0
743,20,5000000,90.0,60,150810.0,9.75,0,11.7,0,98026.0,14790.0,"",35000.0,864790.0
744,20,5500000,90.0,60,165891.0,9.75,0,11.7,0,107829.0,20300.0,"",38500.0,955300.0
745,20,6000000,90.0,60,180972.0,9.75,0,11.7,0,117632.0,20300.0,"",42000.0,1040300.0
746,20,6500000,90.0,60,196053.0,9.75,0,11.7,0,127434.0,20300.0,"",45500.0,1125300.0
747,20,7000000,90.0,60,211134.0,9.75,0,11.7,0,137237.0,20300.0,"",49000.0,1210300.0
748,20,7500000,90.0,60,226215.0,9.75,0,11.7,0,147040.0,22040.0,"",52500.0,1297040.0
749,20,8000000,90.0,60,241296.0,9.75,0,11.7,0,156842.0,22040.0,"",56000.0,1382040.0
750,20,8500000,90.0,60,256377.0,9.75,0,11.7,0,166645.0,22040.0,"",59500.0,1467040.0
751,20,9000000,90.0,60,271458.0,9.75,0,11.7,0,176447.0,22040.0,"",63000.0,1552040.0
752,20,9500000,90.0,60,286539.0,9.75,0,11.7,0,186250.0,22040.0,"",66500.0,1637040.0
753,20,10000000,90.0,60,301620.0,9.75,0,11.7,0,196053.0,22040.0,"",70000.0,1722040.0
754,20,400000,82.0,120,7017.0,10.0,0,11.9,0,4561.0,1914.0,"",2800.0,101914.0
755,20,1500000,90.0,120,28816.0,10.0,0,11.8,0,18731.0,5626.0,"",10500.0,260626.0
756,20,2000000,90.0,120,38422.0,10.0,0,11.8,0,24974.0,5626.0,"",14000.0,345626.0
757,20,2500000,90.0,120,48027.0,10.0,0,11.8,0,31218.0,8874.0,"",17500.0,433874.0
758,20,3000000,90.0,120,57632.0,10.0,0,11.8,0,37461.0,8874.0,"",21000.0,518874.0
759,20,3500000,90.0,120,67238.0,10.0,0,11.8,0,43705.0,12180.0,"",24500.0,607180.0
760,20,4000000,90.0,120,76843.0,10.0,0,11.8,0,49948.0,12180.0,"",28000.0,692180.0
761,20,4500000,90.0,120,86449.0,10.0,0,11.8,0,56192.0,14790.0,"",31500.0,779790.0
762,20,5000000,90.0,120,96054.0,10.0,0,11.8,0,62435.0,14790.0,"",35000.0,864790.0
763,20,5500000,90.0,120,105659.0,10.0,0,11.8,0,68679.0,20300.0,"",38500.0,955300.0
764,20,6000000,90.0,120,115265.0,10.0,0,11.8,0,74922.0,20300.0,"",42000.0,1040300.0
765,20,6500000,90.0,120,124870.0,10.0,0,11.8,0,81166.0,20300.0,"",45500.0,1125300.0
766,20,7000000,90.0,120,134476.0,10.0,0,11.8,0,87409.0,20300.0,"",49000.0,1210300.0
767,20,7500000,90.0,120,144081.0,10.0,0,11.8,0,93653.0,22040.0,"",52500.0,1297040.0
768,20,8000000,90.0,120,153686.0,10.0,0,11.7,0,99896.0,22040.0,"",56000.0,1382040.0
769,20,8500000,90.0,120,163292.0,10.0,0,11.7,0,106140.0,22040.0,"",59500.0,1467040.0
770,20,9000000,90.0,120,172897.0,10.0,0,11.7,0,112383.0,22040.0,"",63000.0,1552040.0
771,20,9500000,90.0,120,182503.0,10.0,0,11.7,0,118627.0,22040.0,"",66500.0,1637040.0
772,20,10000000,90.0,120,192108.0,10.0,0,11.7,0,124870.0,22040.0,"",70000.0,1722040.0
773,20,400000,82.0,180,5849.0,10.25,0,12.0,0,3802.0,1914.0,"",2800.0,101914.0
774,20,1500000,90.0,180,24007.0,10.25,0,11.9,0,15605.0,5626.0,"",10500.0,260626.0
775,20,2000000,90.0,180,32009.0,10.25,0,11.9,0,20806.0,5626.0,"",14000.0,345626.0
776,20,2500000,90.0,180,40012.0,10.25,0,11.9,0,26008.0,8874.0,"",17500.0,433874.0
777,20,3000000,90.0,180,48014.0,10.25,0,11.9,0,31209.0,8874.0,"",21000.0,518874.0
778,20,3500000,90.0,180,56016.0,10.25,0,11.9,0,36411.0,12180.0,"",24500.0,607180.0
779,20,4000000,90.0,180,64019.0,10.25,0,11.9,0,41612.0,12180.0,"",28000.0,692180.0
780,20,4500000,90.0,180,72021.0,10.25,0,11.9,0,46814.0,14790.0,"",31500.0,779790.0
781,20,5000000,90.0,180,80023.0,10.25,0,11.9,0,52015.0,14790.0,"",35000.0,864790.0
782,20,5500000,90.0,180,88025.0,10.25,0,11.9,0,57217.0,20300.0,"",38500.0,955300.0
783,20,6000000,90.0,180,96028.0,10.25,0,11.9,0,62418.0,20300.0,"",42000.0,1040300.0
784,20,6500000,90.0,180,104030.0,10.25,0,11.9,0,67620.0,20300.0,"",45500.0,1125300.0
785,20,7000000,90.0,180,112032.0,10.25,0,11.9,0,72821.0,20300.0,"",49000.0,1210300.0
786,20,7500000,90.0,180,120035.0,10.25,0,11.9,0,78023.0,22040.0,"",52500.0,1297040.0
787,20,8000000,90.0,180,128037.0,10.25,0,11.9,0,83224.0,22040.0,"",56000.0,1382040.0
788,20,8500000,90.0,180,136039.0,10.25,0,11.9,0,88426.0,22040.0,"",59500.0,1467040.0
789,20,9000000,90.0,180,144042.0,10.25,0,11.9,0,93627.0,22040.0,"",63000.0,1552040.0
790,20,9500000,90.0,180,152044.0,10.25,0,11.9,0,98829.0,22040.0,"",66500.0,1637040.0
791,20,10000000,90.0,180,160046.0,10.25,0,11.9,0,104030.0,22040.0,"",70000.0,1722040.0
792,20,400000,82.0,240,5302.0,10.25,0,11.9,0,3447.0,1914.0,"",2800.0,101914.0
793,20,1500000,90.0,240,21757.0,10.25,0,11.8,0,14142.0,5626.0,"",10500.0,260626.0
794,20,2000000,90.0,240,29010.0,10.25,0,11.8,0,18856.0,5626.0,"",14000.0,345626.0
795,20,2500000,90.0,240,36262.0,10.25,0,11.8,0,23571.0,8874.0,"",17500.0,433874.0
796,20,3000000,90.0,240,43515.0,10.25,0,11.8,0,28285.0,8874.0,"",21000.0,518874.0
797,20,3500000,90.0,240,50767.0,10.25,0,11.8,0,32999.0,12180.0,"",24500.0,607180.0
798,20,4000000,90.0,240,58020.0,10.25,0,11.8,0,37713.0,12180.0,"",28000.0,692180.0
799,20,4500000,90.0,240,65272.0,10.25,0,11.8,0,42427.0,14790.0,"",31500.0,779790.0
800,20,5000000,90.0,240,72525.0,10.25,0,11.8,0,47141.0,14790.0,"",35000.0,864790.0
801,20,5500000,90.0,240,79777.0,10.25,0,11.8,0,51855.0,20300.0,"",38500.0,955300.0
802,20,6000000,90.0,240,87030.0,10.25,0,11.8,0,56569.0,20300.0,"",42000.0,1040300.0
803,20,6500000,90.0,240,94282.0,10.25,0,11.8,0,61284.0,20300.0,"",45500.0,1125300.0
804,20,7000000,90.0,240,101535.0,10.25,0,11.8,0,65998.0,20300.0,"",49000.0,1210300.0
805,20,7500000,90.0,240,108787.0,10.25,0,11.8,0,70712.0,22040.0,"",52500.0,1297040.0
806,20,8000000,90.0,240,116040.0,10.25,0,11.8,0,75426.0,22040.0,"",56000.0,1382040.0
807,20,8500000,90.0,240,123292.0,10.25,0,11.8,0,80140.0,22040.0,"",59500.0,1467040.0
808,20,9000000,90.0,240,130545.0,10.25,0,11.8,0,84854.0,22040.0,"",63000.0,1552040.0
809,20,9500000,90.0,240,137797.0,10.25,0,11.8,0,89568.0,22040.0,"",66500.0,1637040.0
810,20,10000000,90.0,240,145050.0,10.25,0,11.8,0,94282.0,22040.0,"",70000.0,1722040.0
811,22,400000,85.0,60,11754.0,11.1,0,13.5,0,7640.0,1914.0,100.0,2380.0,25714.0
812,22,1500000,85.0,60,44078.0,11.1,0,13.7,0,28651.0,5626.0,1200.0,8925.0,94876.0
813,22,2000000,85.0,60,58771.0,11.1,0,13.7,0,38201.0,5626.0,1700.0,11900.0,124626.0
814,22,2500000,85.0,60,73463.0,11.1,0,13.8,0,47751.0,8874.0,2125.0,14875.0,157624.0
815,22,3000000,85.0,60,88156.0,11.1,0,13.7,0,57301.0,8874.0,2550.0,17850.0,187374.0
816,22,3500000,85.0,60,102848.0,11.1,0,13.8,0,66851.0,12180.0,2975.0,20825.0,220430.0
817,22,4000000,85.0,60,117541.0,11.1,0,13.7,0,76402.0,12180.0,3400.0,23800.0,250180.0
818,22,4500000,85.0,60,132234.0,11.1,0,13.7,0,85952.0,14790.0,3825.0,26775.0,282540.0
819,22,5000000,85.0,60,146926.0,11.1,0,13.7,0,95502.0,14790.0,4250.0,29750.0,312290.0
820,22,5500000,85.0,60,161619.0,11.1,0,13.8,0,105052.0,20300.0,4675.0,32725.0,347550.0
821,22,6000000,85.0,60,176312.0,11.1,0,13.7,0,114603.0,20300.0,5100.0,35700.0,377300.0
822,22,6500000,85.0,60,191004.0,11.1,0,13.7,0,124153.0,20300.0,5525.0,38675.0,407050.0
823,22,7000000,84.3,60,203995.0,11.1,0,13.7,0,132597.0,20300.0,5950.0,41300.0,433300.0
824,22,7500000,83.3,60,216135.0,11.1,0,13.8,0,140488.0,22040.0,6375.0,43750.0,459540.0
825,22,8000000,82.5,60,228275.0,11.1,0,13.8,0,148379.0,22040.0,6800.0,46200.0,484040.0
826,22,8500000,81.8,60,240415.0,11.1,0,13.8,0,156270.0,22040.0,7225.0,48650.0,508540.0
827,22,9000000,81.1,60,252555.0,11.1,0,13.8,0,164161.0,22040.0,7650.0,51100.0,533040.0
828,22,9500000,80.5,60,264696.0,11.1,0,13.8,0,172052.0,22040.0,8075.0,53550.0,557540.0
829,22,10000000,80.0,60,276836.0,11.1,0,13.8,0,179943.0,22040.0,8500.0,56000.0,582040.0
830,22,400000,85.0,120,7590.0,11.1,0,13.1,0,4934.0,1914.0,100.0,2380.0,25714.0
831,22,1500000,85.0,120,28463.0,11.1,0,13.3,0,18501.0,5626.0,1200.0,8925.0,94876.0
832,22,2000000,85.0,120,37950.0,11.1,0,13.3,0,24668.0,5626.0,1700.0,11900.0,124626.0
833,22,2500000,85.0,120,47438.0,11.1,0,13.3,0,30835.0,8874.0,2125.0,14875.0,157624.0
834,22,3000000,85.0,120,56926.0,11.1,0,13.3,0,37002.0,8874.0,2550.0,17850.0,187374.0
835,22,3500000,85.0,120,66413.0,11.1,0,13.3,0,43169.0,12180.0,2975.0,20825.0,220430.0
836,22,4000000,85.0,120,75901.0,11.1,0,13.3,0,49335.0,12180.0,3400.0,23800.0,250180.0
837,22,4500000,85.0,120,85388.0,11.1,0,13.3,0,55502.0,14790.0,3825.0,26775.0,282540.0
838,22,5000000,85.0,120,94876.0,11.1,0,13.3,0,61669.0,14790.0,4250.0,29750.0,312290.0
839,22,5500000,85.0,120,104363.0,11.1,0,13.3,0,67836.0,20300.0,4675.0,32725.0,347550.0
840,22,6000000,85.0,120,113851.0,11.1,0,13.3,0,74003.0,20300.0,5100.0,35700.0,377300.0
841,22,6500000,85.0,120,123339.0,11.1,0,13.3,0,80170.0,20300.0,5525.0,38675.0,407050.0
842,22,7000000,84.3,120,131737.0,11.1,0,13.3,0,85629.0,20300.0,5950.0,41300.0,433300.0
843,22,7500000,83.3,120,139590.0,11.1,0,13.3,0,90734.0,22040.0,6375.0,43750.0,459540.0
844,22,8000000,82.5,120,147444.0,11.1,0,13.3,0,95839.0,22040.0,6800.0,46200.0,484040.0
845,22,8500000,81.8,120,155298.0,11.1,0,13.3,0,100943.0,22040.0,7225.0,48650.0,508540.0
846,22,9000000,81.1,120,163151.0,11.1,0,13.3,0,106048.0,22040.0,7650.0,51100.0,533040.0
847,22,9500000,80.5,120,171005.0,11.1,0,13.3,0,111153.0,22040.0,8075.0,53550.0,557540.0
848,22,10000000,80.0,120,178858.0,11.1,0,13.3,0,116258.0,22040.0,8500.0,56000.0,582040.0
849,22,400000,85.0,180,6333.0,11.1,0,12.9,0,4117.0,1914.0,100.0,2380.0,25714.0
850,22,1500000,85.0,180,23750.0,11.1,0,13.1,0,15437.0,5626.0,1200.0,8925.0,94876.0
851,22,2000000,85.0,180,31666.0,11.1,0,13.1,0,20583.0,5626.0,1700.0,11900.0,124626.0
852,22,2500000,85.0,180,39583.0,11.1,0,13.1,0,25729.0,8874.0,2125.0,14875.0,157624.0
853,22,3000000,85.0,180,47499.0,11.1,0,13.1,0,30874.0,8874.0,2550.0,17850.0,187374.0
854,22,3500000,85.0,180,55416.0,11.1,0,13.1,0,36020.0,12180.0,2975.0,20825.0,220430.0
855,22,4000000,85.0,180,63332.0,11.1,0,13.1,0,41166.0,12180.0,3400.0,23800.0,250180.0
856,22,4500000,85.0,180,71249.0,11.1,0,13.1,0,46312.0,14790.0,3825.0,26775.0,282540.0
857,22,5000000,85.0,180,79165.0,11.1,0,13.1,0,51457.0,14790.0,4250.0,29750.0,312290.0
858,22,5500000,85.0,180,87082.0,11.1,0,13.1,0,56603.0,20300.0,4675.0,32725.0,347550.0
859,22,6000000,85.0,180,94998.0,11.1,0,13.1,0,61749.0,20300.0,5100.0,35700.0,377300.0
860,22,6500000,85.0,180,102915.0,11.1,0,13.1,0,66895.0,20300.0,5525.0,38675.0,407050.0
861,22,7000000,84.3,180,109927.0,11.1,0,13.1,0,71452.0,20300.0,5950.0,41300.0,433300.0
862,22,7500000,83.3,180,116486.0,11.1,0,13.1,0,75716.0,22040.0,6375.0,43750.0,459540.0
863,22,8000000,82.5,180,123046.0,11.1,0,13.1,0,79980.0,22040.0,6800.0,46200.0,484040.0
864,22,8500000,81.8,180,129606.0,11.1,0,13.1,0,84244.0,22040.0,7225.0,48650.0,508540.0
865,22,9000000,81.1,180,136166.0,11.1,0,13.1,0,88508.0,22040.0,7650.0,51100.0,533040.0
866,22,9500000,80.5,180,142725.0,11.1,0,13.1,0,92771.0,22040.0,8075.0,53550.0,557540.0
867,22,10000000,80.0,180,149285.0,11.1,0,13.1,0,97035.0,22040.0,8500.0,56000.0,582040.0
868,22,400000,85.0,240,5790.0,11.1,0,12.8,0,3763.0,1914.0,100.0,2380.0,25714.0
869,22,1500000,85.0,240,21712.0,11.1,0,12.9,0,14113.0,5626.0,1200.0,8925.0,94876.0
870,22,2000000,85.0,240,28949.0,11.1,0,12.9,0,18817.0,5626.0,1700.0,11900.0,124626.0
871,22,2500000,85.0,240,36186.0,11.1,0,12.9,0,23521.0,8874.0,2125.0,14875.0,157624.0
872,22,3000000,85.0,240,43424.0,11.1,0,12.9,0,28225.0,8874.0,2550.0,17850.0,187374.0
873,22,3500000,85.0,240,50661.0,11.1,0,12.9,0,32930.0,12180.0,2975.0,20825.0,220430.0
874,22,4000000,85.0,240,57898.0,11.1,0,12.9,0,37634.0,12180.0,3400.0,23800.0,250180.0
875,22,4500000,85.0,240,65136.0,11.1,0,12.9,0,42338.0,14790.0,3825.0,26775.0,282540.0
876,22,5000000,85.0,240,72373.0,11.1,0,12.9,0,47042.0,14790.0,4250.0,29750.0,312290.0
877,22,5500000,85.0,240,79610.0,11.1,0,12.9,0,51747.0,20300.0,4675.0,32725.0,347550.0
878,22,6000000,85.0,240,86847.0,11.1,0,12.9,0,56451.0,20300.0,5100.0,35700.0,377300.0
879,22,6500000,85.0,240,94085.0,11.1,0,12.9,0,61155.0,20300.0,5525.0,38675.0,407050.0
880,22,7000000,84.3,240,100497.0,11.1,0,12.9,0,65323.0,20300.0,5950.0,41300.0,433300.0
881,22,7500000,83.3,240,106498.0,11.1,0,12.9,0,69224.0,22040.0,6375.0,43750.0,459540.0
882,22,8000000,82.5,240,112498.0,11.1,0,12.9,0,73124.0,22040.0,6800.0,46200.0,484040.0
883,22,8500000,81.8,240,118498.0,11.1,0,13.0,0,77024.0,22040.0,7225.0,48650.0,508540.0
884,22,9000000,81.1,240,124499.0,11.1,0,13.0,0,80924.0,22040.0,7650.0,51100.0,533040.0
885,22,9500000,80.5,240,130499.0,11.1,0,13.0,0,84824.0,22040.0,8075.0,53550.0,557540.0
886,22,10000000,80.0,240,136500.0,11.1,0,13.0,0,88725.0,22040.0,8500.0,56000.0,582040.0
